name,twnumber,preferred_name,comments
PT-24,TW00099,86-29,
87-16_T,TW00100,87-16,
PT-25,TW00100,87-16,
86-05_V,TW00101,86-05,
PT-27,TW00101,86-05,
86-03_W,TW00102,86-03,
PT-28,TW00102,86-03,
86-04_X,TW00103,86-04,
PT-29,TW00103,86-04,
86-10_CC,TW00104,86-10,
PT-3,TW00104,86-10,
PT-3152,TW00105,PT-3152,
86-20_3(Z),TW00111,86-20,
PT-4,TW00111,86-20,
86-09_4(Y),TW00112,86-09,
PT-5,TW00112,86-09,
84-01_A,TW00113,84-01,
PT-6,TW00113,84-01,
85-06_B,TW00114,85-06,
PT-7,TW00114,85-06,
86-25_C,TW00115,86-25,
PT-8,TW00115,86-25,
86-24,TW00116,86-24,
PT-10,TW00116,86-24,
PT-86-24,TW00116,86-24,
87-22,TW00117,87-22,
PT-87-22,TW00117,87-22,
87-23,TW00118,87-23,
PT-87-23,TW00118,87-23,
14-II-46B,TW00119,14-II-46B,
PT-89-1,TW00119,14-II-46B,
133-II-42,TW00120,133-II-42,
PT-89-10,TW00120,133-II-42,
138-II-10,TW00121,138-II-10,
PT-89-12,TW00121,138-II-10,
226-1,TW00122,226-1,
PT-89-13,TW00122,226-1,
227-35,TW00123,227-35,
PT-89-14,TW00123,227-35,
436+4,TW00124,436+4,
PT-89-15,TW00124,436+4,
24-35,TW00125,24-35,
PT-89-2,TW00125,24-35,
68-II-38,TW00128,68-II-38,
PT-89-5,TW00128,68-II-38,
99-II-35,TW00131,99-II-35,
PT-89-8,TW00131,99-II-35,
184-83,TW00174,DEC6E,
DEC6E,TW00174,DEC6E,
2087-77,TW00177,DEC2E,"bundlin study"
DEC2E,TW00177,DEC2E,
2394-80,TW00180,DEC15E,
DEC15E,TW00180,DEC15E,
2708-78,TW00182,DEC15D,
DEC15D,TW00182,DEC15D,
2966-56,TW00185,DEC12B,
DEC12B,TW00185,DEC12B,"bundlin study"
3030A-86dup,TW00186,DEC8B,
DEC8B,TW00186,DEC8B,
3291-86,TW00190,DEC12E,
DEC12E,TW00190,DEC12E,
5513-56,TW00197,DEC2B,"bundlin study"
DEC2B,TW00197,DEC2B,
9033-80,TW00200,9033-80,
9101-83,TW00206,DEC12D,
DEC12D,TW00206,DEC12D,
820691,TW00248,DEC7C,
DEC7C,TW00248,DEC7C,
821075,TW00258,821075,
1639-78,TW00264,1639-78,
3004-86,TW00276,3004-86,
1262M4,TW00296,1262M4,
AC-C66,TW00296,1262M4,
30964,TW00298,30964,
AC-C68,TW00298,30964,
1610MS1,TW00311,1610MS1,
86/24,TW00116,86-24,
78-92,TW05608,78/92,
E2340-78,TW00051,2430-78,
F-41,TW05729,F41,
3787-62,TW00460,DEC2a,"MLST-1 bundlin study"
2254-75,TW00664,DEC11a,"MLST-1 bundlin study"
F1-50,TW01277,DEC12a,"MLST-1 bundlin study"
B170,TW01120,DEC12f,"MLST-1 bundlin study"
536,TW07504,536,MLST-1
870631,TW00012,D87-6627-3,
D87-6627-3,TW00012,D87-6627-3,
88-0488,TW00021,D87-24061,
D87-24061,TW00021,D87-24061,
87-25045-2,TW00022,87-25045-2,
88-0490,TW00022,87-25045-2,
88-0491,TW00023,D87-25181,
D87-25181,TW00023,D87-25181,
88-0493,TW00025,88-1577,
88-1577,TW00025,88-1577,
88-0495,TW00027,88-2229,
88-2229,TW00027,88-2229,
88-0497,TW00029,88-2278,
88-2278,TW00029,88-2278,
88-0498,TW00030,88-1430,
88-1430,TW00030,88-1430,
88-0499,TW00031,88-1551-S,
88-1551-S,TW00031,88-1551-S,
88-0500,TW00032,88-2437,
88-2437,TW00032,88-2437,
88-0502,TW00033,88-4110-nh,
88-4110-nh,TW00033,88-4110-nh,
2198-77,TW00046,DEC8A,
DEC8A,TW00046,DEC8A,
2277-67,TW00047,DEC6C,
DEC6C,TW00047,DEC6C,
2660-77,TW00055,DEC15C,
DEC15C,TW00055,DEC15C,
3942-67,TW00063,DEC12C,
DEC12C,TW00063,DEC12C,
448-71,TW00065,DEC15B,
DEC15B,TW00065,DEC15B,
5338-66,TW00073,DEC6A,MLST-4
DEC6A,TW00073,DEC6A,
5430-66,TW00074,DEC15A,
DEC15A,TW00074,DEC15A,
87-01_AA,TW00084,87-01,
PT-1,TW00084,87-01,
87-18_G,TW00086,87-18,
PT-12,TW00086,87-18,
85-01_H,TW00087,85-01,
PT-13,TW00087,85-01,
85-08_I,TW00088,85-08,
PT-14,TW00088,85-08,
86-06_J,TW00089,86-06,
PT-15,TW00089,86-06,
86-13_K,TW00090,86-13,
PT-16,TW00090,86-13,
86-18_L,TW00091,86-18,
PT-17,TW00091,86-18,
87-05_M,TW00092,87-05,
PT-18,TW00092,87-05,
87-17_BB,TW00094,87-17,
PT-2,TW00094,87-17,
85-03_O,TW00095,85-03,
PT-20,TW00095,85-03,
86-01_P,TW00096,86-01,
PT-21,TW00096,86-01,
86-02_Q,TW00097,86-02,
PT-22,TW00097,86-02,
86-15_R,TW00098,86-15,
PT-23,TW00098,86-15,
86-29_S,TW00099,86-29,
AC-S,TW00311,1610MS1,
88-0503,TW00338,88-0503,
D88-6882,TW00338,88-0503,
831015,TW00356,DEC7D,
DEC7D,TW00356,DEC7D,
861575,TW00387,DEC7E,
DEC7E,TW00387,DEC7E,
29315,TW00389,29315,
AC-C12,TW00389,29315,
AC-C21,TW00398,DEC1E,"bundlin study"
DEC1E,TW00398,DEC1E,
29148,TW00401,29148,
AC-C25,TW00401,29148,
1010T6,TW00407,1010T6,
AC-C33,TW00407,1010T6,
1010T9,TW00408,1010T9,
AC-C34,TW00408,1010T9,
1488T1,TW00419,1488T1,
AC-C50,TW00419,1488T1,"bundlin study"
88-0501,TW00516,88-4110-H,
88-4110-H,TW00516,88-4110-H,
5624-50,TW00587,DEC5A,
DEC5A,TW00587,DEC5A,
607-54,TW00591,DEC2C,"bundlin study"
DEC2C,TW00591,DEC2C,
M504,TW00591,DEC2C,
750001,TW00601,DEC7A,
DEC7A,TW00601,DEC7A,
1791-79,TW00659,DEC14D,
DEC14D,TW00659,DEC14D,
3350-73,TW00676,DEC13A,
DEC13A,TW00676,DEC13A,
3435-72,TW00677,3435-72,
3733-71,TW00680,DEC11B,"bundlin study"
DEC11B,TW00680,DEC11B,
5024-71,TW00691,DEC13B,
DEC13B,TW00691,DEC13B,
1011-84,TW00838,1011-84,
1326-84,TW00839,1326-84,
161-84,TW00840,161-84,
1923-82,TW00841,1923-82,
3016-85,TW00843,3016-85,
3100-85,TW00844,3100-85,
3123-85,TW00845,3123-85,
3148-85,TW00846,3148-85,
3199-85,TW00847,3199-85,
3205-85,TW00848,3205-85,
3230-85,TW00849,3230-85,
3299-85,TW00850,DEC3A,
DEC3A,TW00850,DEC3A,
3309-85,TW00851,3309-85,
3324-85,TW00852,3324-85,
3344-85,TW00853,3344-85,
3354-85,TW00854,3354-85,
3369-85,TW00855,3369-85,
3370-85,TW00856,3370-85,
3398-85,TW00857,3398-85,
3404-85A,TW00858,3404-85A,
3405-85A,TW00859,3405-85A,
3406-85,TW00860,3406-85,
3444-85,TW00861,3444-85,
3460-85,TW00862,3460-85,
3502-85A,TW00863,3502-85A,
A7793-B1,TW00864,A7793-B1,
A7795-C2,TW00865,A7795-C2,
A7818,TW00866,A7818,
A8184-M3,TW00867,A8184-M3,
AOB-35,TW00867,A8184-M3,
A8187-M8,TW00868,A8187-M8,
A8188-B3,TW00869,A8188-B3,
A8189-M1,TW00870,A8189-M1,
A8190-M8,TW00871,A8190-M8,
A8362-C1,TW00872,A8362-C1,
A8469,TW00873,A8469,
A9047-CS1,TW00874,A9047-CS1,
AOB-29,TW00874,A9047-CS1,
A9124-1,TW00875,A9124-1,
A9167-1,TW00876,A9167-1,
AOB-5,TW00876,A9167-1,
A9218-C2,TW00877,A9218-C2,
A9686-3,TW00878,A9686-3,
A9894-CS1,TW00879,A9894-CS1,
B1190-1,TW00880,B1190-1,
B1328-C10,TW00882,B1328-C10,
B1347-C2,TW00883,B1347-C2,
B1375-GC2,TW00884,B1375-GC2,
1271-84,TW00885,1271-84,
AOB-46,TW00885,1271-84,
"ATCC 43889",TW00885,1271-84,
B1409-C1,TW00885,1271-84,
B1476-SC1,TW00886,B1476-SC1,
B6181-MS2,TW00887,B6181-MS2,
B6221-MS2,TW00888,B6221-MS2,
B6226-MS1,TW00889,B6226-MS1,
B6232-MS1,TW00890,B6232-MS1,
B6422-MS1,TW00891,B6422-MS1,
B6462-MS1,TW00892,B6462-MS1,
B6468-MS1,TW00893,B6468-MS1,
B6472-MS1,TW00894,B6472-MS1,
B6493-MS1,TW00895,B6493-MS1,
B6498-MS1,TW00896,B6498-MS1,
B6500-MS1,TW00897,B6500-MS1,
B6501-MS2,TW00898,B6501-MS2,
B6502-MS1,TW00899,B6502-MS1,
B6504-MS1,TW00900,B6504-MS1,
B6550-MS1,TW00901,B6550-MS1,
B6820-MS1,TW00902,B6820-MS1,
B6825-MS1,TW00903,B6825-MS1,
B6830-MS1,TW00904,B6830-MS1,
B7035,TW00905,B7035,
B7162-MS1,TW00906,B7162-MS1,
B7197-MS1,TW00907,B7197-MS1,
B7202-MS4,TW00908,B7202-MS4,
B7205-MS1,TW00909,B7205-MS1,
B7318-MS1,TW00910,B7318-MS1,
B7565-MS1,TW00911,B7565-MS1,
B7587-MS1,TW00912,B7587-MS1,
B7856,TW00913,B7856,
B8038-MS1,TW00914,B8038-MS1,
B8124,TW00915,B8124,
C586-65,TW00947,DEC5D,MLST-1
DEC5D,TW00947,DEC5D,
C654-65,TW00950,C654-65,
C72-65,TW00953,C72-65,
C814-67,TW00958,DEC9D,
DEC9D,TW00958,DEC9D,
C915-68,TW00959,C915-68,
C997-63,TW00962,DEC5E,
DEC5E,TW00962,DEC5E,
3124-85,TW00963,3124-85,
75-83,TW00964,75-83,MLST-2
A9619-C2,TW00965,DEC11C,
DEC11C,TW00965,DEC11C,
3143-85B,TW00967,3143-85B,
3288-85,TW00968,3288-85,
3377-85,TW00969,3377-85,
3047-86,TW00971,DEC10B,
DEC10B,TW00971,DEC10B,
3056-86,TW00972,3143-85B,
8153B-86,TW00973,8153B-86,
3056-85,TW00974,3377-85,
2886-75,TW00975,2886-75,
3417-86,TW00976,3417-86,
"ATCC 43888",TW00976,3417-86,
B6914-MS1,TW00976,3417-86,
A7787-C4,TW00977,A7787-C4,
B5311-C1,TW00979,B5311-C1,
B5329,TW00980,B5329,
326-84,TW00981,326-84,
1194-84,TW00982,1194-84,
B1476-SCI,TW00983,B1476-SCI,
B6226-MSI,TW00993,B6226-MSI,
2384-81,TW01100,DEC13E,
DEC13E,TW01100,DEC13E,
9088-83,TW01114,DEC14C,
DEC14C,TW01114,DEC14C,
1173-83,TW01179,1173-83,
1177-83,TW01181,1177-83,
1178-83,TW01182,1178-83,
1557-77,TW01188,DEC10C,
AOB-8,TW01188,DEC10C,
DEC10C,TW01188,DEC10C,
194-83,TW01191,194-83,
2184-76,TW01193,2184-76,
2239-69,TW01195,2239-69,
2262-79,TW01196,DEC9B,
DEC9B,TW01196,DEC9B,
2451-75,TW01197,2451-75,
2595-72,TW01198,2595-72,
2623-71,TW01199,2623-71,
2666-74,TW01200,DEC9F,MLST-1
DEC9F,TW01200,DEC9F,
2738-74,TW01201,2738-74,
3157-74,TW01203,3157-74,
3323-61,TW01206,DEC9A,
DEC9A,TW01206,DEC9A,
3324-69,TW01207,3324-69,
3360-70,TW01208,3360-70,
4109-71,TW01210,4109-71,
4482-74,TW01213,4482-74,
4766-71,TW01214,4766-71,
4920-73,TW01215,4920-73,
B8037-C1,TW01223,B8037-C1,
DEC11F,TW01236,DEC11F,
E74/68,TW01236,DEC11F,
"Teeside 67",TW01236,DEC11F,
DEC1C,TW01279,DEC1C,
F196-51,TW01279,DEC1C,"bundlin study"
DEC2D,TW01280,DEC2D,
F60-51,TW01280,DEC2D,"bundlin study"
C1520-77,TW01286,DEC4A,
DEC4A,TW01286,DEC4A,
C363-83,TW01287,C363-83,
C374-83,TW01288,DEC4C,
DEC4C,TW01288,DEC4C,
C681-87,TW01289,DEC4D,
DEC4D,TW01289,DEC4D,
C7-88,TW01290,DEC4E,
DEC4E,TW01290,DEC4E,
C999-87,TW01291,DEC4B,
DEC4B,TW01291,DEC4B,
CB1009,TW01292,CB1009,
CB1143,TW01293,CB1143,
CB1226,TW01295,CB1226,
CB1227,TW01296,CB1227,
CB429,TW01297,CB429,
CB430,TW01298,CB430,
CB569,TW01299,CB569,
CB570,TW01300,CB570,
CB571,TW01301,CB571,
CB573,TW01303,CB573,
CB583,TW01304,CB583,
CB744,TW01307,CB744,
CB746,TW01308,CB746,
CB781,TW01309,CB781,
CB785,TW01310,CB785,
84-5406,TW01377,84-5406,
GL_125-80,TW01377,84-5406,
86-10049,TW01378,DEC8C,
DEC8C,TW01378,DEC8C,
AOB-11,TW01380,B2464,
B2464/1/3,TW01380,B2464,
AOB-12,TW01381,S-22-1,
S-22-1,TW01381,S-22-1,
A9603-C1,TW01382,A9603-C1,
AOB-14,TW01382,A9603-C1,
A8368-C3,TW01383,DEC16E,
AOB-15,TW01383,DEC16E,
DEC16E,TW01383,DEC16E,
AOB-17,TW01384,B2464,
B2464/1/2,TW01384,B2464,
AOB-18,TW01385,D276,
D276/1/2,TW01385,D276,
AOB-19,TW01386,O189,
O189,TW01386,O189,
AOB-3,TW01387,CL-37,
CL-37,TW01387,CL-37,MLST-1
AOB-41,TW01388,B2619,
B2619/2/1,TW01388,B2619,
AOB-42,TW01389,B1696,
B1696/2/1,TW01389,B1696,
AOB-43,TW01390,D664,
D664/1,TW01390,D664,
AOB-44,TW01391,CL-3,MLST-1
CL-3,TW01391,CL-3,
AOB-50,TW01393,B2F1,MLST-1
B2F1,TW01393,B2F1,
AOB-6,TW01394,D360,
D360/4/1,TW01394,D360,
AOB-9,TW01395,CL-5,
CL-5,TW01395,CL-5,
M173,TW01397,M173,
M175,TW01398,M175,
M1780,TW01399,M1780,
M1832,TW01400,M1832,
M1834,TW01401,M1834,
M1835,TW01402,M1835,
M1839,TW01403,M1839,
M1840,TW01404,M1840,
DEC16C,TW01405,DEC16C,
M2098,TW01405,DEC16C,
M2101,TW01406,M2101,
M2113,TW01407,M2113,
M2114,TW01408,M2114,
M2115,TW01409,M2115,
M2156,TW01410,M2156,
M2266,TW01411,M2266,
M2324,TW01412,M2324,
M2403,TW01413,M2403,
M2405,TW01414,M2405,
M2415,TW01415,M2415,
M2430,TW01416,M2430,
M2431,TW01417,M2431,
M2432,TW01418,M2432,
M2443,TW01419,M2443,
M2444,TW01420,M2444,
M423,TW01421,M423,
M426,TW01422,M426,
M427,TW01423,M427,
M429,TW01424,M429,
M461,TW01425,M461,
M463,TW01426,M463,
M464,TW01427,M464,
M465,TW01428,M465,
M476,TW01429,M476,
M478,TW01430,M478,
M481,TW01431,M481,
M508,TW01432,M508,
M509,TW01433,M509,
M510,TW01434,M510,
M535,TW01435,M535,
M545,TW01436,M545,
M681,TW01437,M681,
M682,TW01438,M682,
M683,TW01439,M683,
M684,TW01440,M684,
M685,TW01441,M685,
M686,TW01442,M686,
M687,TW01443,M687,
M688,TW01444,M688,
M710,TW01445,M710,
M87,TW01446,M87,
3294-87,TW01448,3294-87,
870633,TW01450,87-5680,
875680,TW01450,87-5680,
87-9751,TW01451,87-9751,
89-118,TW01454,89-118,
D87214,TW01466,D87-214,
D87-214,TW01466,D87-214,
D87-4377,TW01467,D87-4377,
D89-4377,TW01467,D87-4377,
83-16193,TW01481,83-16193,
FM-68,TW01489,FM-68,
FM-84,TW01490,FM-84,
2203,TW01533,2203,
3006-87,TW01568,3006-87,
3019-87,TW01570,3019-87,
3021-87,TW01571,3021-87,
3259-87,TW01572,3259-87,
3299-87,TW01573,3299-87,
3318-87,TW01575,3318-87,
3363-87,TW01577,3363-87,
3390-87,TW01580,3390-87,
3391-87,TW01581,3391-87,
900021,TW01584,900021,
88-15863,TW01586,88-15863,
900094,TW01586,88-15863,
88-19274,TW01587,88-19274,
900095,TW01587,88-19274,
88-19539,TW01588,88-19539,
900096,TW01588,88-19539,
900097,TW01589,D88-28058,
D88-28058,TW01589,D88-28058,
89-329A,TW01590,89-329A,
900098,TW01590,89-329A,
89-947,TW01591,89-947,
900099,TW01591,89-947,
89-2036B,TW01593,89-2036B,
900101,TW01593,89-2036B,
89-3143,TW01594,89-3143,
900102,TW01594,89-3143,
900104,TW01596,D87-3784,
D87-3784,TW01596,D87-3784,
900105,TW01597,DEC10E,
DEC10E,TW01597,DEC10E,
89-5636,TW01598,89-5636,
900106,TW01598,89-5636,
89-7321,TW01599,89-7321,
900107,TW01599,89-7321,
89-7496-1,TW01600,89-7496-1,
900108,TW01600,89-7496-1,
89-7496-2,TW01601,89-7496-2,
900109,TW01601,89-7496-2,
900110,TW01602,D89-138804,
D89-138804,TW01602,D89-138804,
900111,TW01603,D89-21487,
D89-21487,TW01603,D89-21487,
900112,TW01604,D88-21606,
D88-21606,TW01604,D88-21606,
M2445,TW01640,M2445,
M2477,TW01641,M2477,
M2478,TW01642,M2478,
M2479,TW01643,M2479,
M2480,TW01644,M2480,
M2481,TW01645,M2481,
M2482,TW01646,M2482,
84-605,TW01654,84-605,
87-1163,TW01663,87-1163,
87-1713,TW01664,DEC10I,
DEC10I,TW01664,DEC10I,
87-1714,TW01665,87-1714,
87-1715,TW01666,87-1715,
87-1717,TW01667,87-1717,
87-1801,TW01668,87-1801,
87-1806,TW01669,87-1806,
87-1814,TW01670,87-1814,
87-2914,TW01671,87-2914,
87-2915,TW01672,87-2915,
87-2922,TW01673,87-2922,
87-2927,TW01674,87-2927,
87-2931,TW01675,87-2931,
87-302,TW01676,87-302,
87-304,TW01677,87-304,
87-307,TW01678,87-307,
87-313,TW01679,87-313,
87-318,TW01680,87-318,
88-1509,TW01681,88-1509,
88-1727,TW01682,88-1727,
88-2248,TW01683,88-2248,
88-2287,TW01684,88-2287,
88-2860,TW01685,88-2860,
88-817,TW01686,DEC10J,
DEC10J,TW01686,DEC10J,
89-2006,TW01687,89-2006,
89-2055,TW01688,89-2055,
89-2134,TW01689,89-2134,
89-2200,TW01690,89-2200,
89-2225,TW01691,89-2225,
3005-87,TW01784,3005-87,
3009-88,TW01788,DEC3D,
DEC3D,TW01788,DEC3D,
3029-87,TW01794,3029-87,
3235-87,TW01796,3235-87,
3247-87,TW01798,3247-87,
3253-87,TW01799,3253-87,
3300-87,TW01803,3300-87,
3308-87,TW01804,3308-87,
3356-87,TW01806,3356-87,
3357-87,TW01807,3357-87,
3364-87,TW01809,3364-87,
3365-87,TW01810,3365-87,
3370-87,TW01811,3370-87,
5380-66,TW01959,DEC5C,
DEC5C,TW01959,DEC5C,
870115,TW02289,ADL87-0448,
ADL87-0448,TW02289,ADL87-0448,
DEC10A,TW02294,H30,
AOB-1,TW02292,D276,
D276,TW02292,D276,
AOB-10,TW02293,B2464,
B2464/1/1,TW02293,B2464,
AOB-13,TW02294,H30,
H30,TW02294,H30,
AOB-16,TW02295,H19,
H19,TW02295,H19,
AOB-2,TW02296,B821,
B821/2/1,TW02296,B821,
AOB-20,TW02297,EPEC-198,
EPEC-198,TW02297,EPEC-198,
AOB-21,TW02298,EPEC-199,
EPEC_199,TW02298,EPEC-199,
AOB-22,TW02299,EDL-932,
"ATCC 43894",TW02299,EDL-932,
EDL-932,TW02299,EDL-932,
AOB-23,TW02300,CL-40,
CL-40,TW02300,CL-40,
A8993-CS2,TW02301,A8993-CS2,
AOB-24,TW02301,A8993-CS2,
AOB-25,TW02302,EDL-933,MLST
"ATCC 43895",TW02302,EDL-933,
DEC4F,TW02302,EDL-933,
EDL-933,TW02302,EDL-933,
AOB-26,TW02303,EDL-931,
FEC87011,TW07901,JP-1,
FEC87012,TW07902,JP-2,
FEC87013,TW07903,JP-3,
FEC87014,TW07904,JP-4,
FEC87067,TW07905,JP-5,
FEC87068,TW07906,JP-6,
FEC87069,TW07907,JP-7,
FEC87070,TW07908,JP-8,
FEC87071,TW07909,JP-9,
FEC87072-1,TW07910,JP-10,
FEC87072-2,TW07911,JP-11,
FEC87073,TW07912,JP-12,
FEC87075,TW07914,JP-14,
FEC87110,TW07915,JP-15,
FEC87111,TW07916,JP-16,
FEC87057-1,TW07917,JP-17,
ND3187,TW07918,JP-18,
PH,TW07919,JP-19,
PMK-5,TW07920,PMK-5,
TR-172,TW00046,DEC8A,
172,TW00046,DEC8A,
F6627,TW07926,3215-99,
3215-99,TW07926,3215-99,
PT-19,TW00093,PT-19,
B1191-1,TW00881,B1191-1,
880226,TW02376,213-2,
213-2,TW02376,213-2,
880238,TW02389,241-1,
241-1,TW02389,241-1,
88-01,TW06103,88-01,
TR-10,TW06200,TR-10,
DA-1,TW07927,DA-1,
DA-2,TW07928,DA-2,
DA-3,TW07929,DA-3,
DA-4,TW07930,DA-4,
DA-5,TW07931,DA-5,MLST-3
DA-6,TW07932,DA-6,
DA-7,TW07933,DA-7,
DA-8,TW07934,DA-8,
DA-9,TW07935,DA-9,
DA-10,TW07936,DA-10,MLST-5
DA-11,TW07937,DA-11,
DA-12,TW07938,DA-12,
DA-13,TW07939,DA-13,
DA-14,TW07940,DA-14,
DA-15,TW07941,DA-15,
DA-16,TW07942,DA-16,
DA-17,TW07943,DA-17,
DA-18,TW07944,DA-18,
DA-19,TW07945,DA-19,
DA-20,TW07946,DA-20,
DA-21,TW07947,DA-21,
DA-22,TW07948,DA-22,
DA-23,TW07949,DA-23,
DA-24,TW07950,DA-24,
DA-25,TW07951,DA-25,
DA-26,TW07952,DA-26,
DA-27,TW07953,DA-27,
DA-28,TW07954,DA-28,
DA-29,TW07955,DA-29,
DA-30,TW07956,DA-30,
DA-31,TW07957,DA-31,
DA-32,TW07958,DA-32,
DA-33,TW07959,DA-33,
DA-34,TW07960,DA-34,
DA-35,TW07961,DA-35,
DA-36,TW07962,DA-36,
DA-37,TW07972,DA-37,
DA-38,TW07973,DA-38,
DA-39,TW07974,DA-39,
DA-40,TW07975,DA-40,
DA-41,TW07976,DA-41,
DA-42,TW07977,DA-42,
DA-43,TW07978,DA-43,
DA-44,TW07979,DA-44,
DA-45,TW07980,DA-45,
DA-46,TW07981,DA-46,
DA-47,TW07982,DA-47,
DA-48,TW07983,DA-48,
DA-49,TW07984,DA-49,
DA-50,TW07985,DA-50,
DA-51,TW07986,DA-51,
DA-52,TW07987,DA-52,
DA-53,TW07988,DA-53,
DA-54,TW07989,DA-54,
DA-55,TW07990,DA-55,
DA-56,TW07991,DA-56,
DA-57,TW07992,DA-57,
DA-58,TW07993,DA-58,
DA-59,TW07994,DA-59,
DA-60,TW07995,DA-60,
DA-61,TW07996,DA-61,
DA-62,TW07997,DA-62,
DA-63,TW07998,DA-63,
DA-64,TW07999,DA-64,
DA-65,TW08000,DA-65,
DA-66,TW08001,DA-66,
DA-67,TW08002,DA-67,
DA-68,TW08003,DA-68,
DA-69,TW08004,DA-69,
DA-70,TW08005,DA-70,
DA-71,TW08006,DA-71,
DA-72,TW08007,DA-72,
DA-73,TW08008,DA-73,
DA-74,TW08009,DA-74,
DA-75,TW08010,DA-75,
DA-76,TW08011,DA-76,
K-12,TW08017,K-12,
CHMC-MT#1,TW08022,MT#1,
MT#1,TW08022,MT#1,
CHMC-MT#2,TW08023,MT#2,MLST-2
MT#2,TW08023,MT#2,
CHMC-MT#3,TW08024,MT#3,
MT#3,TW08024,MT#3,
CHMC-MT#4,TW08025,MT#4,
MT#4,TW08025,MT#4,
CHMC-MT#5,TW08026,MT#5,
MT#5,TW08026,MT#5,
CHMC-MT#6,TW08027,MT#6,
MT#6,TW08027,MT#6,
CHMC-MT#7,TW08028,MT#7,
MT#7,TW08028,MT#7,
CHMC-MT#8,TW08029,MT#8,
MT#8,TW08029,MT#8,
CHMC-MT#9,TW08030,MT#9,
MT#9,TW08030,MT#9,
CHMC-MT#10,TW08031,MT#10,
MT#10,TW08031,MT#10,
CHMC-MT#11,TW08032,MT#11,
MT#11,TW08032,MT#11,
CHMC-MT#12,TW08033,MT#12,
MT#12,TW08033,MT#12,
CHMC-MT#13,TW08034,MT#13,
MT#13,TW08034,MT#13,
CHMC-MT#14,TW08035,MT#14,
MT#14,TW08035,MT#14,
CHMC-MT#15,TW08036,MT#15,
MT#15,TW08036,MT#15,
CHMC-MT#16,TW08037,MT#16,
MT#16,TW08037,MT#16,
CHMC-MT#17,TW08038,MT#17,
MT#17,TW08038,MT#17,
CHMC-MT#18,TW08039,MT#18,
MT#18,TW08039,MT#18,
CHMC-MT#19,TW08040,MT#19,
MT#19,TW08040,MT#19,
CHMC-MT#20,TW08041,MT#20,
MT#20,TW08041,MT#20,
CHMC-MT#21,TW08042,MT#21,
MT#21,TW08042,MT#21,
CHMC-MT#22,TW08043,MT#22,
MT#22,TW08043,MT#22,
CHMC-MT#23,TW08044,MT#23,
MT#23,TW08044,MT#23,
CHMC-MT#24,TW08045,MT#24,
MT#24,TW08045,MT#24,
CHMC-MT#25,TW08046,MT#25,
MT#25,TW08046,MT#25,
CHMC-MT#26,TW08047,MT#26,
MT#26,TW08047,MT#26,
CHMC-MT#27,TW08048,MT#27,
MT#27,TW08048,MT#27,
CHMC-MT#28,TW08049,MT#28,
MT#28,TW08049,MT#28,
CHMC-MT#29,TW08050,MT#29,
MT#29,TW08050,MT#29,
CHMC-MT#30,TW08051,MT#30,
MT#30,TW08051,MT#30,
CHMC-MT#31,TW08052,MT#31,
MT#31,TW08052,MT#31,
CHMC-MT#32,TW08053,MT#32,
MT#32,TW08053,MT#32,
CHMC-MT#33,TW08054,MT#33,
MT#33,TW08054,MT#33,
CHMC-MT#34,TW08055,MT#34,
MT#34,TW08055,MT#34,
CHMC-MT#35,TW08056,MT#35,
MT#35,TW08056,MT#35,
CHMC-MT#36,TW08057,MT#36,
MT#36,TW08057,MT#36,
CHMC-MT#37,TW08058,MT#37,
MT#37,TW08058,MT#37,
CHMC-MT#38,TW08059,MT#38,
MT#38,TW08059,MT#38,
CHMC-MT#39,TW08060,MT#39,
MT#39,TW08060,MT#39,
CHMC-MT#40,TW08061,MT#40,
MT#40,TW08061,MT#40,
CHMC-MT#41,TW08062,MT#41,
MT#41,TW08062,MT#41,
CHMC-MT#42,TW08063,MT#42,
MT#42,TW08063,MT#42,
CHMC-MT#43,TW08064,MT#43,
MT#43,TW08064,MT#43,
CHMC-MT#44,TW08065,MT#44,
MT#44,TW08065,MT#44,
CHMC-MT#45,TW08066,MT#45,
MT#45,TW08066,MT#45,
CHMC-MT#46,TW08067,MT#46,
MT#46,TW08067,MT#46,
CHMC-MT#47,TW08068,MT#47,
MT#47,TW08068,MT#47,
CHMC-MT#48,TW08069,MT#48,
MT#48,TW08069,MT#48,
CHMC-MT#49,TW08070,MT#49,
MT#49,TW08070,MT#49,
CHMC-MT#50,TW08071,MT#50,
MT#50,TW08071,MT#50,
CHMC-MT#51,TW08072,MT#51,
MT#51,TW08072,MT#51,
CHMC-MT#52,TW08073,MT#52,
MT#52,TW08073,MT#52,
CHMC-MT#53,TW08074,MT#53,
MT#53,TW08074,MT#53,
CHMC-MT#54,TW08075,MT#54,
MT#54,TW08075,MT#54,
CHMC-MT#55,TW08076,MT#55,
MT#55,TW08076,MT#55,
CHMC-MT#56,TW08077,MT#56,
MT#56,TW08077,MT#56,
CHMC-MT#57,TW08078,MT#57,
MT#57,TW08078,MT#57,
CHMC-MT#58,TW08079,MT#58,
MT#58,TW08079,MT#58,
CHMC-MT#59,TW08080,MT#59,
MT#59,TW08080,MT#59,
CHMC-MT#60,TW08081,MT#60,
MT#60,TW08081,MT#60,
CHMC-MT#61,TW08082,MT#61,
MT#61,TW08082,MT#61,
CHMC-MT#62,TW08083,MT#62,
MT#62,TW08083,MT#62,
CHMC-MT#63,TW08084,MT#63,
MT#63,TW08084,MT#63,
CHMC-MT#64,TW08085,MT#64,
MT#64,TW08085,MT#64,
CHMC-MT#65,TW08086,MT#65,
MT#65,TW08086,MT#65,
CHMC-MT#66,TW08087,MT#66,
MT#66,TW08087,MT#66,
CHMC-MT#67,TW08088,MT#67,
MT#67,TW08088,MT#67,
CHMC-MT#68,TW08089,MT#68,
MT#68,TW08089,MT#68,
CHMC-MT#69,TW08090,MT#69,
MT#69,TW08090,MT#69,
CHMC-MT#70,TW08091,MT#70,
MT#70,TW08091,MT#70,
CHMC-MT#71,TW08092,MT#71,
MT#71,TW08092,MT#71,
CHMC-MT#72,TW08093,MT#72,
MT#72,TW08093,MT#72,
CHMC-MT#73,TW08094,MT#73,
MT#73,TW08094,MT#73,
CHMC-MT#74,TW08095,MT#74,
MT#74,TW08095,MT#74,
CHMC-MT#75,TW08096,MT#75,
MT#75,TW08096,MT#75,
CHMC-MT#76,TW08097,MT#76,
MT#76,TW08097,MT#76,
CHMC-MT#77,TW08098,MT#77,
MT#77,TW08098,MT#77,
CHMC-MT#78,TW08099,MT#78,
MT#78,TW08099,MT#78,
CHMC-MT#79,TW08100,MT#79,
MT#79,TW08100,MT#79,
CHMC-MT#80,TW08101,MT#80,MLST-3
MT#80,TW08101,MT#80,
CHMC-MT#81,TW08102,MT#81,
MT#81,TW08102,MT#81,
CHMC-MT#82,TW08103,MT#82,
MT#82,TW08103,MT#82,
CHMC-MT#83,TW08104,MT#83,
MT#83,TW08104,MT#83,
CHMC-MT#84,TW08105,MT#84,
MT#84,TW08105,MT#84,
CHMC-MT#85,TW08106,MT#85,
MT#85,TW08106,MT#85,
CHMC-MT#86,TW08107,MT#86,
MT#86,TW08107,MT#86,
CHMC-MT#87,TW08108,MT#87,
MT#87,TW08108,MT#87,
CHMC-MT#88,TW08109,MT#88,
MT#88,TW08109,MT#88,
CHMC-MT#89,TW08110,MT#89,
MT#89,TW08110,MT#89,
CHMC-MT#90,TW08111,MT#90,
MT#90,TW08111,MT#90,
05482,TW08114,05482,
06069,TW08115,06069,
06175,TW08116,06175,
06236,TW08117,06236,
06525,TW08118,06525,
06365,TW08119,06365,
06585,TW08120,06585,
06586,TW08121,06586,
06591,TW08122,06591,
06888,TW08123,06888,
06905,TW08124,06905,
06980,TW08125,06980,
06981,TW08126,06981,
07000,TW08127,07000,
07014,TW08128,07014,
07035,TW08129,07035,
07099,TW08130,07099,
07109,TW08131,07109,
07164,TW08132,07164,
07451,TW08133,07451,
07503,TW08134,07503,
07512,TW08135,07512,
07727,TW08136,07727,
07786,TW08137,07786,
07834,TW08138,07834,
07882,TW08139,07882,
08153,TW08140,08153,
08220,TW08141,08220,
08255,TW08142,08255,
08271,TW08143,08271,
01072,TW08144,01072,
01073,TW08145,01073,
01074,TW08146,01074,
01075,TW08147,01075,
01076,TW08148,01076,
01077,TW08149,01077,
01078,TW08150,01078,
01079,TW08151,01079,
01087,TW08152,01087,
ED143,TW08153,ED143,
VTH28,TW08154,VTH28,
VTH62,TW08155,VTH62,
T17968,TW08156,T17968,
EC970130,TW08157,EC970130,
EH78,TW08158,EH78,
666/89,TW08159,666/89,
31w,TW08160,31w,
EH250,TW08161,EH250,
1874-99,TW08162,1874-99,
"ATCC 35150",TW02303,EDL-931,
EDL-931,TW02303,EDL-931,
A8978-C7,TW02304,A8978-C7,
AOB-27,TW02304,A8978-C7,
A9218-C1,TW02305,A9218-C1,
AOB-28,TW02305,A9218-C1,
A8979-B1,TW02307,A8979-B1,
AOB-30,TW02307,A8979-B1,
A9123-1,TW02308,A9123-1,
AOB-31,TW02308,A9123-1,
A8959-C7,TW02309,A8959-C7,
AOB-32,TW02309,A8959-C7,
AOB-33,TW02310,CL-8,
CL-8,TW02310,CL-8,
AOB-34,TW02311,CL-12,
CL-12,TW02311,CL-12,
AOB-36,TW02313,B1189-1,
B1189-1,TW02313,B1189-1,
AOB-37,TW02314,B1189-1,
B1200-C1,TW02314,B1189-1,
AOB-38,TW02315,B1540-C2,
B1540-C2,TW02315,B1540-C2,
3149-85,TW02316,3149-85,
AOB-39,TW02316,3149-85,
AOB-4,TW00046,DEC8A,
AOB-40,TW02318,CL-15,
CL-15,TW02318,CL-15,
AOB-45,TW02319,B1375-GCS,
B1375-GCS,TW02319,B1375-GCS,
AOB-47,TW02321,B1545,
B1545,TW02321,B1545,
AOB-48,TW02322,B2387,
B2387,TW02322,B2387,
AOB-49,TW02323,B2576,
B2576,TW02323,B2576,
AOB-7,TW02324,D360,
D360/4/2,TW02324,D360,
DEC11E,TW02362,DEC11E,
WM63,TW02362,DEC11E,
212-2,TW02371,212-2,
880221,TW02371,212-2,
217-8,TW02381,217-8,
880231,TW02381,217-8,
228-2,TW02382,228-2,
880232,TW02382,228-2,
228-3,TW02383,228-3,
880233,TW02383,228-3,
228-5,TW02385,228-5,
880235,TW02385,228-5,
245-1,TW02390,245-1,
880239,TW02390,245-1,
245-4,TW02393,245-4,
880242,TW02393,245-4,
245-5,TW02394,245-5,
880243,TW02394,245-5,
246-1,TW02395,246-1,
880244,TW02395,246-1,
246-2,TW02396,246-2,
880245,TW02396,246-2,
246-3,TW02397,246-3,
880246,TW02397,246-3,
306-7,TW02398,306-7,
43-12,TW02400,43-12,
881034,TW02400,43-12,
3075-69,TW02528,3075-69,
FM-162,TW02691,FM-162,
No.162,TW02691,FM-162,
3077-88,TW02701,DEC3E,
DEC3E,TW02701,DEC3E,
3104-88,TW02702,DEC3C,
DEC3C,TW02702,DEC3C,
660-79,TW02719,DEC5B,MLST-2
DEC5B,TW02719,DEC5B,
902034,TW02844,DEC7B,
DEC7B,TW02844,DEC7B,
E32511,TW02883,E32511,
E32511/O,TW02883,E32511,
DH-1,TW05278,DH-1,
DH-4,TW05287,DH-4,
99-0240,TW07781,99-0240,
TR-69/96,TW07791,TR-69/96,
DEC11D,TW02885,DEC11D,"bundlin study"
E335021/OF,TW02885,DEC11D,
BH1,TW02894,BH206C-1,
BH206C-1,TW02894,BH206C-1,
BH10,TW02895,BH262C-6,
BH262C-6,TW02895,BH262C-6,
BH11,TW02896,BH262C-7,
BH262C-7,TW02896,BH262C-7,
BH12,TW02897,BH262C-8,
BH262C-8,TW02897,BH262C-8,
BH13,TW02898,BH294-10,
BH294-10,TW02898,BH294-10,
BH14,TW02899,BH294-3,
BH294-3,TW02899,BH294-3,
BH15,TW02900,BH294-4,
BH294-4,TW02900,BH294-4,
BH16,TW02901,BH294-5,
BH294-5,TW02901,BH294-5,
BH17,TW02902,BH294-6,
BH294-6,TW02902,BH294-6,
BH18,TW02903,BH294-7,
BH294-7,TW02903,BH294-7,
BH19,TW02904,BH294-8,
BH294-8,TW02904,BH294-8,
BH2,TW02905,BH206C-2,
BH206C-2,TW02905,BH206C-2,
BH20,TW02906,BH294-9,
BH294-9,TW02906,BH294-9,
BH21,TW02907,BH360C-1,
BH360C-1,TW02907,BH360C-1,
BH22,TW02908,BH360C-6,
BH360C-6,TW02908,BH360C-6,
BH23,TW02909,BH360C-7,
BH360C-7,TW02909,BH360C-7,
BH24,TW02910,BH360C-9,
BH360C-9,TW02910,BH360C-9,
BH25,TW02911,BH367-10,
BH367-10,TW02911,BH367-10,
BH26,TW02912,BH367-2,
BH367-2,TW02912,BH367-2,
BH27,TW02913,BH367-4,
BH367-4,TW02913,BH367-4,
BH28,TW02914,BH367-5,
BH367-5,TW02914,BH367-5,
BH29,TW02915,BH367-8,
BH367-8,TW02915,BH367-8,
BH206C-3,TW02916,BH206C-3,
BH3,TW02916,BH206C-3,
BH30,TW02917,BH367-9,
BH367-9,TW02917,BH367-9,
BH31,TW02918,DEC16A,
BH52C-10,TW02918,DEC16A,
DEC16A,TW02918,DEC16A,
BH32,TW02919,BH61-3,
BH61-3,TW02919,BH61-3,
BH33,TW02920,ND10-1,
ND10-1,TW02920,ND10-1,
BH34,TW02921,ND10-10,
ND10-10,TW02921,ND10-10,
BH35,TW02922,ND10-2,
ND10-2,TW02922,ND10-2,
BH36,TW02923,ND10-3,
C193-65,TW03818,C193-65,
C194-65,TW03820,DEC8E,
DEC8E,TW03820,DEC8E,
C195-65,TW03821,C195-65,
C203-53,TW03824,C203-53,
C213-53,TW03826,C213-53,
C224-85,TW03829,C224-85,
C404-70,TW03847,C404-70,
C1011-85A,TW03951,C1011-85A,
C1083-79B,TW03954,DEC13D,
DEC13D,TW03954,DEC13D,
C499-54,TW03969,C499-54,
C500-74,TW03970,DEC13C,
DEC13C,TW03970,DEC13C,
C588-65,TW03974,C588-65,
C639-77,TW03979,DEC14E,
DEC14E,TW03979,DEC14E,
C691-71,TW03981,DEC14B,
DEC14B,TW03981,DEC14B,
C732-63,TW03984,C732-63,
C792-85,TW03989,C792-85,
C916-70,TW03996,DEC14A,
DEC14A,TW03996,DEC14A,
TB156A,TW04052,TB156A,
TB182A,TW04062,TB182A,
TB206A,TW04081,TB206A,
TB206B,TW04082,TB206B,
TB206C,TW04083,TB206C,
TB206D,TW04084,TB206D,
TB206E,TW04085,TB206E,
TB154A,TW04162,TB154A,
TB216A,TW04166,TB216A,
TB226A,TW04257,TB226A,
TB285A,TW04270,TB285A,MLST-3
TB285C,TW04272,TB285C,
TB285D,TW04273,TB285D,
TB285E,TW04274,TB285E,
TB352A,TW04284,TB352A,
TB352B,TW04285,TB352B,
TB352C,TW04286,TB352C,
TB352D,TW04287,TB352D,
TB352E,TW04288,TB352E,
C96-53,TW04515,C96-53,
C408,TW04518,C408,
C412,TW04519,C412,
C413,TW04520,C413,
VP03,TW04579,VP03,
VP04,TW04580,VP04,
VP09,TW04585,VP09,
VP10,TW04586,VP10,
CA-9,TW04654,CA-9,
93051,TW04849,93051,
93052,TW04850,93052,
93053,TW04851,93053,
93054,TW04852,93054,
93055,TW04853,93055,
93056,TW04854,93056,
93057,TW04855,93057,
93058,TW04856,93058,
93059,TW04857,93059,
93060,TW04858,93060,
93061,TW04859,93061,
93062,TW04860,93062,
93065,TW04861,93065,
93069,TW04862,93069,
93111,TW04863,93-111,MLST-1
84-1702,TW04871,84-1702,
84-336,TW04872,84-336,
86-377,TW04873,86-377,
86-381,TW04874,86-381,
87-1223,TW04875,87-1223,
87-1712,TW04876,87-1712,
87-299,TW04877,87-299,
87-301,TW04878,87-301,
87-305,TW04879,87-305,
87-319,TW04880,87-319,
88-191,TW04881,88-191,
88-402,TW04882,88-402,
89-085,TW04883,89-085,
90-658,TW04884,90-658,
90-660,TW04885,90-660,
90-668,TW04886,90-668,
91-104,TW04887,91-104,
91-124,TW04888,91-124,
91-125,TW04889,91-125,
91-033,TW04890,91-033,
91-065,TW04891,91-065,
G5506,TW04909,G5506,MLST-1
G5507,TW04910,G5507,
G5508,TW04911,G5508,
92/12,TW04964,92/12,
JEP-22,TW04964,92/12,
91/387,TW04965,91/387,
JEP-23,TW04965,91/387,
83/40,TW04966,83/40,
JEP-24,TW04966,83/40,
83/68,TW04967,83/68,
JEP-25,TW04967,83/68,
84/15,TW04968,84/15,
JEP-26,TW04968,84/15,
83/136/1,TW04969,83/136,
JEP-27,TW04969,83/136,
483/11,TW04970,483/11,
83/11,TW04970,483/11,
JEP-28,TW04970,483/11,
91/184,TW04978,91/184,
JEP-36,TW04978,91/184,
88/4,TW04979,88/4,
JEP-37,TW04979,88/4,
E452.11,TW04980,E452.11,
JEP-38,TW04980,E452.11,
VP30,TW05070,VP30,
VP32,TW05072,VP32,
BCL01,TW05081,BCL01,
BCL02,TW05082,BCL02,
BCL03,TW05083,BCL03,
BCL04,TW05084,BCL04,
BCL05,TW05085,BCL05,
BCL06,TW05086,BCL06,
BCL07,TW05087,BCL07,
BCL08,TW05088,BCL08,
BCL09,TW05089,BCL09,
BCL10,TW05090,BCL10,
BCL11,TW05091,BCL11,
BCL12,TW05092,BCL12,
BCL13,TW05093,BCL13,
BCL14,TW05094,BCL14,
BCL15,TW05095,BCL15,
BCL17,TW05096,BCL17,
BCL18,TW05097,BCL18,
BCL19,TW05098,BCL19,
BCL20,TW05099,BCL20,
BCL21,TW05100,BCL21,
BCL22,TW05101,BCL22,
BCL23,TW05102,BCL23,
BCL24,TW05103,BCL24,
BCL25,TW05104,BCL25,
BCL26,TW05105,BCL26,
BCL27,TW05106,BCL27,
BCL28,TW05107,BCL28,
BCL29,TW05108,BCL29,
BCL30,TW05109,BCL30,
BCL31,TW05110,BCL31,
BCL32,TW05111,BCL32,
BCL33,TW05112,BCL33,
BCL34,TW05113,BCL34,
BCL35,TW05114,BCL35,
BCL36,TW05115,BCL36,
BCL39,TW05116,BCL39,
BCL40,TW05117,BCL40,
BCL42,TW05118,BCL42,
BCL43,TW05119,BCL43,
BCL44,TW05120,BCL44,
BCL45,TW05121,BCL45,
BCL46,TW05122,BCL46,
BCL47,TW05123,BCL47,
BCL48,TW05124,BCL48,
BCL49,TW05125,BCL49,
BCL50,TW05126,BCL50,
BCL51,TW05127,BCL51,
BCL52,TW05128,BCL52,
BCL53,TW05129,BCL53,
BCL54,TW05130,BCL54,
BCL55,TW05131,BCL55,
BCL56,TW05132,BCL56,
BCL57,TW05133,BCL57,
BCL58,TW05134,BCL58,
BCL59,TW05135,BCL59,
BCL60,TW05136,BCL60,
BCL61,TW05137,BCL61,
BCL62,TW05138,BCL62,
BCL63,TW05139,BCL63,
BCL64,TW05140,BCL64,
BCL65,TW05141,BCL65,
BCL66,TW05142,BCL66,
BCL67,TW05143,BCL67,
BCL68,TW05144,BCL68,
BCL69,TW05145,BCL69,
BCL70,TW05146,BCL70,
BCL71,TW05147,BCL71,
BCL72,TW05148,BCL72,
BCL73,TW05149,BCL73,
BCL74,TW05150,BCL74,
BCL75,TW05151,BCL75,
DR-1,TW05152,FDIU-1,
FDIU-1,TW05152,FDIU-1,
DR-10,TW05153,FDIU-39,
FDIU-39,TW05153,FDIU-39,
DR-11,TW05154,FDIU-41,
FDIU-41,TW05154,FDIU-41,
DR-12,TW05155,FDIU-42,
FDIU-42,TW05155,FDIU-42,
DR-13,TW05156,FDIU-43,
FDIU-43,TW05156,FDIU-43,
DR-14,TW05157,FDIU-44-50,
FDIU-44-50,TW05157,FDIU-44-50,
DR-15,TW05158,FDIU-204,
FDIU-204,TW05158,FDIU-204,
DR-2,TW05159,FDIU-4,
FDIU-4,TW05159,FDIU-4,
DR-3,TW05160,FDIU-5,
FDIU-5,TW05160,FDIU-5,
DR-4,TW05161,FDIU-13,
FDIU-13,TW05161,FDIU-13,
DR-5,TW05162,FDIU-16,
FDIU-16,TW05162,FDIU-16,
DR-6,TW05163,"FDIU 26",
"FDIU 26",TW05163,"FDIU 26",
DR-7,TW05164,FDIU-28,
FDIU-28,TW05164,FDIU-28,
DR-8,TW05165,FDIU-34,
FDIU-34,TW05165,FDIU-34,
DR-9,TW05166,FDIU-35,
FDIU-35,TW05166,FDIU-35,
236-5,TW05178,236-5,
901764,TW05178,236-5,
248-2,TW05179,248-2,
901765,TW05179,248-2,
248-3,TW05180,248-3,
901766,TW05180,248-3,
248-4,TW05181,248-4,
901767,TW05181,248-4,
253-1,TW05182,253-1,
901769,TW05182,253-1,
277-2,TW05183,277-2,
901774,TW05183,277-2,
277-5,TW05185,277-5,
901777,TW05185,277-5,
240-2,TW05186,240-2,
901779,TW05186,240-2,
390-5,TW05187,390-5,
901784,TW05187,390-5,
403-4,TW05188,90-1787,MLST-1
90-1787,TW05188,90-1787,
403-5,TW05189,403-5,
901788,TW05189,403-5,
473-4,TW05190,473-4,
901790,TW05190,473-4,
479-5,TW05194,479-5,
901794,TW05194,479-5,
1477-1,TW05228,1477-1,
900319,TW05228,1477-1,
1202-1,TW05229,1202-1,
900320,TW05229,1202-1,
1202-2,TW05230,1202-2,
900321,TW05230,1202-2,
1218-1,TW05231,1218-1,
900322,TW05231,1218-1,
1220-4,TW05232,1220-4,
900323,TW05232,1220-4,
1370-5,TW05235,1370-5,
900327,TW05235,1370-5,
1683-2,TW05239,1683-2,
900335,TW05239,1683-2,
1712-1,TW05240,1712-1,
900337,TW05240,1712-1,
900338,TW05241,990-4,
990-4,TW05241,990-4,
900339,TW05242,971-2,
971-2,TW05242,971-2,
1086-3,TW05246,1086-3,
900346,TW05246,1086-3,
495-1,TW05250,495-1,
900355,TW05250,495-1,
605-1,TW05251,605-1,
900356,TW05251,605-1,
358-3,TW05252,358-3,
900359,TW05252,358-3,
237-3,TW05253,237-3,
900361,TW05253,237-3,
900362,TW05254,957-1,
957-1,TW05254,957-1,
480-1,TW05257,480-1,
900366,TW05257,480-1,
701-1,TW05258,701-1,
900369,TW05258,701-1,
900372,TW05260,937-3,
937-3,TW05260,937-3,
86-3,TW05261,86-3,
900373,TW05261,86-3,
403-3,TW05262,403-3,
900377,TW05262,403-3,
596-3,TW05263,596-3,
900378,TW05263,596-3,
654-1,TW05265,654-1,
900382,TW05265,654-1,
473-1,TW05266,473-1,
900383,TW05266,473-1,
459-1,TW05267,459-1,
900384,TW05267,459-1,
784-4,TW05268,784-4,
900386,TW05268,784-4,
662-1,TW05269,662-1,
900388,TW05269,662-1,
253-4,TW05270,253-4,
900389,TW05270,253-4,
274-4,TW05271,274-4,
900390,TW05271,274-4,
390-1,TW05272,390-1,
900391,TW05272,390-1,
190-3,TW05273,190-3,
900392,TW05273,190-3,
236-1,TW05274,236-1,
900393,TW05274,236-1,
277-1,TW05275,277-1,
900394,TW05275,277-1,
340-5,TW05276,340-5,
900395,TW05276,340-5,
281-4,TW05277,281-4,
900396,TW05277,281-4,
1880,TW05352,1880,
PF-08,TW05352,1880,
5905,TW05353,5905,MLST-1
PF-09,TW05353,5905,
13180-25,TW05355,13180-25,
PF-11,TW05355,13180-25,
G5101,TW05356,G5101,
PF-12,TW05356,G5101,
PF-13,TW05357,TT7,
TT7,TW05357,TT7,
PF-14,TW05358,TT13,
TT13,TW05358,TT13,
413,TW05359,413,
PF-15,TW05359,413,
G4486,TW05360,G4486,
PF-16,TW05360,G4486,
G6001,TW05361,G6001,
PF-17,TW05361,G6001,
G7832,TW05362,G7832,
PF-18,TW05362,G7832,
13B41,TW05364,13B41,
PF-20,TW05364,13B41,
13B42,TW05365,13B42,
PF-21,TW05365,13B42,
13B46,TW05366,13B46,
PF-22,TW05366,13B46,
3295-91,TW05367,3295-91,
PF-23,TW05367,3295-91,
3402-91,TW05368,3402-91,
PF-24,TW05368,3402-91,
3099-92,TW05369,3099-92,
PF-25,TW05369,3099-92,
3204-92,TW05370,3204-92,
PF-26,TW05370,3204-92,
3267-92,TW05371,3267-92,
PF-27,TW05371,3267-92,
3071-93,TW05372,3071-93,
PF-28,TW05372,3071-93,
3787-2,TW05383,3787-2,
3787-6,TW05384,3787-6,
3787-9,TW05385,3787-9,
3812-1,TW05386,3812-1,
3812-3,TW05387,3812-3,
3812-4,TW05388,3812-4,
3851-8,TW05389,3851-8,
3852-6,TW05390,3852-6,
3852-8,TW05391,3852-8,
3862-10,TW05392,3862-10,
3862-4,TW05393,3862-4,
3862-5,TW05394,3862-5,
3862-6,TW05395,3862-6,
3862-7,TW05396,3862-7,
3862-8,TW05397,3862-8,
3862-9,TW05398,3862-9,
3878-1,TW05399,3878-1,
3878-10,TW05400,3878-10,
3878-2,TW05401,3878-2,
3878-4,TW05402,3878-4,
3890-1,TW05403,3890-1,
3890-10,TW05404,3890-10,
3890-2,TW05405,3890-2,
3890-3,TW05406,3890-3,
3890-5,TW05407,3890-5,
3890-6,TW05408,3890-6,
3890-7,TW05409,3890-7,
3890-8,TW05410,3890-8,
3903-3,TW05411,3903-3,
3903-7,TW05412,3903-7,
3904-1,TW05413,3904-1,
3904-9,TW05414,3904-9,
3926-1,TW05415,3926-1,
3854-7,TW05416,3854-7,
3854-9,TW05417,3854-9,
C409,TW05507,C409,
C410,TW05508,C410,
C411,TW05509,C411,
C415,TW05512,C415,
C416,TW05513,C416,
C417,TW05514,C417,
C418,TW05515,C418,
D124,TW05516,D124,
D125,TW05517,D125,
D126,TW05518,D126,
D127,TW05519,D127,
D128,TW05520,D128,
D129,TW05521,D129,
D130,TW05522,D130,
D131,TW05523,D131,
D132,TW05524,D132,
D133,TW05525,D133,
D134,TW05526,D134,
D135,TW05527,D135,
D136,TW05528,D136,
D137,TW05529,D137,
D138,TW05530,D138,
D139,TW05531,D139,
D140,TW05532,D140,
D141,TW05533,D141,
D142,TW05534,D142,
D143,TW05535,D143,
D144,TW05536,D144,
D145,TW05537,D145,
D146,TW05538,D146,
D147,TW05539,D147,
D148,TW05540,D148,
D149,TW05541,D149,
D152,TW05542,D152,
D153,TW05543,D153,
D154,TW05544,D154,
D155,TW05545,D155,
D156,TW05546,D156,
D157,TW05547,D157,
D159,TW05548,D159,
D160,TW05549,D160,
D166,TW05550,D166,
D167,TW05551,D167,
D170,TW05552,D170,
D171,TW05553,D171,
D172,TW05554,D172,
D173,TW05555,D173,
D174,TW05556,D174,
D175,TW05557,D175,
D178,TW05558,D178,
D365,TW05559,D365,
D420,TW05560,D420,
D421,TW05561,D421,
D422,TW05562,D422,
D423,TW05563,D423,
D424,TW05564,D424,
D767,TW05565,D767,
D768,TW05566,D768,
D769,TW05567,D769,
D782,TW05568,D782,
D783,TW05569,D783,
D784,TW05570,D784,
E109,TW05571,E109,
E111,TW05572,E111,
E112,TW05573,E112,
E113,TW05574,E113,
E114,TW05575,E114,
E115,TW05576,E115,
E116,TW05577,E116,
E117,TW05578,E117,
E118,TW05579,E118,
E135,TW05580,E135,
E137,TW05581,E137,
E138,TW05582,E138,
E139,TW05583,E139,
E140,TW05584,E140,
E141,TW05585,E141,
E142,TW05586,E142,
E143,TW05587,E143,
E144,TW05588,E144,
E145,TW05589,E145,
1639/77,TW05593,1639/77,
3222/87,TW05602,3222/87,
4321/86,TW05605,4321/86,
5736/88,TW05607,5736/88,
78/92,TW05608,78/92,
817/90,TW05609,817/90,
928/91,TW05614,928/91,
"ED 31",TW05651,ED-31,
ED-31,TW05651,ED-31,
ED-47,TW05652,ED-47,
"ED 73",TW05653,ED-73,
ED-73,TW05653,ED-73,
HUS-2/85,TW05657,HUS-2/85,
936/4,TW05658,936/4,
LB-091,TW05658,936/4,
940/3,TW05659,940/3,
LB-092,TW05659,940/3,
963/1,TW05660,963/1,
LB-093,TW05660,963/1,
962/2,TW05661,962/2,
LB-095,TW05661,962/2,
988/2,TW05662,988/2,
LB-096,TW05662,988/2,
1120/3,TW05663,1120/3,
LB-097,TW05663,1120/3,
852/3,TW05664,852/3,
LB-098,TW05664,852/3,
848/1,TW05665,848/1,
LB-099,TW05665,848/1,
907/1,TW05666,907/1,
LB-100,TW05666,907/1,
1180/1,TW05667,1180/1,
LB-101,TW05667,1180/1,
1186/2,TW05668,1186/2,
LB-102,TW05668,1186/2,
1190/1,TW05669,1190/1,
LB-103,TW05669,1190/1,
911/3,TW05670,911/3,
LB-104,TW05670,911/3,
1155/3,TW05671,1155/3,
LB-105,TW05671,1155/3,
1166/1,TW05672,1166/1,
LB-106,TW05672,1166/1,
894/1,TW05673,894/1,
LB-107,TW05673,894/1,
936/1,TW05674,936/1,
LB-108,TW05674,936/1,
896/1,TW05675,896/1,
LB-109,TW05675,896/1,
1193/1,TW05676,1193/1,
LB-110,TW05676,1193/1,
ECB-1,TW05718,ECB-1,
954/2,TW05731,954/2,
LB-001,TW05731,954/2,
850/1,TW05732,850/1,
LB-002,TW05732,850/1,
862/1,TW05733,862/1,
LB-003,TW05733,862/1,
890/1,TW05734,890/1,
LB-004,TW05734,890/1,
895/1,TW05735,895/1,
LB-005,TW05735,895/1,
899/1,TW05736,899/1,
LB-006,TW05736,899/1,
901/1,TW05737,901/1,
LB-007,TW05737,901/1,
946/1,TW05738,946/1,
LB-008,TW05738,946/1,
947/1,TW05739,947/1,
LB-009,TW05739,947/1,
980/5,TW05740,980/5,
LB-010,TW05740,980/5,
1143/1,TW05741,1143/1,
LB-011,TW05741,1143/1,
1149/1,TW05742,1149/1,
LB-012,TW05742,1149/1,
1153/2,TW05743,1153/2,
LB-013,TW05743,1153/2,
1157/2,TW05744,1157/2,
LB-014,TW05744,1157/2,
1161/2,TW05745,1161/2,
LB-015,TW05745,1161/2,
1163/1,TW05746,1163/1,
LB-016,TW05746,1163/1,
1171/1,TW05747,1171/1,
LB-017,TW05747,1171/1,
1174/2,TW05748,1174/2,
LB-018,TW05748,1174/2,
1175/1,TW05749,1175/1,
LB-019,TW05749,1175/1,
910/2,TW05750,910/2,
LB-020,TW05750,910/2,
1003/4,TW05751,1003/4,
LB-021,TW05751,1003/4,
964/3,TW05752,964/3,
LB-022,TW05752,964/3,
968/1,TW05753,968/1,
LB-023,TW05753,968/1,
1007/2,TW05754,1007/2,
LB-024,TW05754,1007/2,
1122/4,TW05755,1122/4,
LB-025,TW05755,1122/4,
1125/2,TW05756,1125/2,
LB-026,TW05756,1125/2,
1131/3,TW05757,1131/3,
LB-027,TW05757,1131/3,
872/1,TW05758,872/1,
LB-028,TW05758,872/1,
914/1,TW05759,914/1,
LB-029,TW05759,914/1,
1006/1,TW05760,1006/1,
LB-030,TW05760,1006/1,
1111/3,TW05761,1111/3,
LB-032,TW05761,1111/3,
114/1,TW05762,114/1,
LB-033,TW05762,114/1,
915/1,TW05763,915/1,
LB-034,TW05763,915/1,
918/1,TW05764,918/1,
LB-035,TW05764,918/1,
919/2,TW05765,919/2,
LB-036,TW05765,919/2,
962/1,TW05766,962/1,
LB-037,TW05766,962/1,
962/3,TW05767,962/3,
LB-038,TW05767,962/3,
965/3,TW05768,965/3,
LB-039,TW05768,965/3,
874/1,TW05769,874/1,
LB-040,TW05769,874/1,
876/2,TW05770,876/2,
LB-041,TW05770,876/2,
865/1,TW05771,865/1,
LB-042,TW05771,865/1,
878/1,TW05772,878/1,
LB-043,TW05772,878/1,
887/2,TW05773,887/2,
LB-044,TW05773,887/2,
909/2,TW05774,909/2,
LB-045,TW05774,909/2,
920/4,TW05775,920/4,
LB-046,TW05775,920/4,
924/3,TW05776,924/3,
LB-047,TW05776,924/3,
955/2,TW05777,955/2,
LB-048,TW05777,955/2,
957/1,TW05778,957/1,
LB-049,TW05778,957/1,
956/2,TW05779,956/2,
LB-050,TW05779,956/2,
995/3,TW05780,995/3,
LB-051,TW05780,995/3,
997/1,TW05781,997/1,
LB-052,TW05781,997/1,
878/3,TW05782,878/3,
LB-053,TW05782,878/3,
1185/2,TW05783,1185/2,
LB-054,TW05783,1185/2,
911/2,TW05784,911/2,
LB-055,TW05784,911/2,
912/3,TW05785,912/3,
LB-056,TW05785,912/3,
956/1,TW05786,956/1,
LB-057,TW05786,956/1,
998/1,TW05788,998/1,
LB-059,TW05788,998/1,
1116/1,TW05789,1116/1,
LB-060,TW05789,1116/1,
118/4,TW05790,118/4,
LB-061,TW05790,118/4,
1121/3,TW05791,1121/3,
LB-062,TW05791,1121/3,
1125/3,TW05792,1125/3,
LB-063,TW05792,1125/3,
1132/4,TW05793,1132/4,
LB-064,TW05793,1132/4,
1136/2,TW05794,1136/2,
LB-065,TW05794,1136/2,
1178/2,TW05795,1178/2,
LB-066,TW05795,1178/2,
1183/2,TW05796,1183/2,
LB-067,TW05796,1183/2,
1186/1,TW05797,1186/1,
LB-068,TW05797,1186/1,
1187/2,TW05798,1187/2,
LB-069,TW05798,1187/2,
1188/2,TW05799,1188/2,
LB-070,TW05799,1188/2,
1189/1,TW05800,1189/1,
LB-071,TW05800,1189/1,
1185/3,TW05801,1185/3,
ND10-3,TW02923,ND10-3,
BH37,TW02924,ND10-4,
ND10-4,TW02924,ND10-4,
BH38,TW02925,ND10-5,
ND10-5,TW02925,ND10-5,
BH39,TW02926,ND10-6,
ND10-6,TW02926,ND10-6,
BH206C-4,TW02927,BH206C-4,
BH4,TW02927,BH206C-4,
BH40,TW02928,ND10-7,
ND10-7,TW02928,ND10-7,
BH41,TW02929,ND10-8,
ND10-8,TW02929,ND10-8,
BH42,TW02930,ND10-9,
ND10-9,TW02930,ND10-9,
BH206C-8,TW02931,BH206C-8,
BH5,TW02931,BH206C-8,
BH206C-9,TW02932,BH206C-9,
BH6,TW02932,BH206C-9,
BH256-4,TW02933,BH256-4,
BH7,TW02933,BH256-4,
BH262C-1,TW02934,BH262C-1,
BH8,TW02934,BH262C-1,
BH262C-2,TW02935,BH262C-2,
BH9,TW02935,BH262C-2,
DEC10F,TW02981,RDEC-1,
RDEC-1,TW02981,RDEC-1,
2566-58,TW03036,2566-58,
4309-65,TW03047,4309-65,
5431-72,TW03051,5431-72,
7210576,TW03051,5431-72,
B6820-C1,TW03064,B6820-C1,
B8026-C1,TW03066,B8026-C1,
B8034-C7,TW03067,B8034-C7,
B8227-C8,TW03068,B8227-C8,
B8228-C1,TW03069,B8228-C1,
B8228-C2,TW03070,B8228-C2,
B8570-C4,TW03071,B8570-C4,
C54-58,TW03154,DEC1B,"bundlin study"
DEC1B,TW03154,DEC1B,
1974-75,TW03161,1974-75,"bundlin study"
230-84,TW03166,230-84,
2956-75,TW03175,2956-75,
3088-72,TW03176,3088-72,"bundlin study"
3182-85,TW03177,3182-85,"bundlin study"
B7014-C12,TW03192,B7014-C12,
B8569-C1,TW03193,B8569-C1,
C6887-C1,TW03194,C6887-C1,
DEC16B,TW03291,ECOR-32,
ECOR-32,TW03291,ECOR-32,
RM28,TW03291,ECOR-32,
029536,TW03372,DIF13,
DIF13,TW03372,DIF13,
041734,TW03407,DIF45,
DIF45,TW03407,DIF45,
911023,TW03424,911023,
48821,TW03475,48821,
48957,TW03484,48957,
48958,TW03485,48958,
1-0106F,TW03494,1-0106F,
PT91-13,TW03494,1-0106F,
PT91-24,TW03506,TB1-0154,
TB1-0154,TW03506,TB1-0154,
1-0067C,TW03509,1-0067C,
PT91-5,TW03509,1-0067C,
046156,TW03535,DIF71,
DIF71,TW03535,DIF71,
DIF97,TW03561,DIF97,
082193,TW03693,082193,
DIF133,TW03693,082193,
DIF139,TW03699,DIF139,
E3787,TW03699,DIF139,
46007,TW03756,46007,
46032,TW03757,46032,
46076-1,TW03758,46076-1,
46076-2,TW03759,46076-2,
46240,TW03772,DEC3B,
DEC3B,TW03772,DEC3B,
46268,TW03779,46268,
46272,TW03780,46272,
46273,TW03781,46273,
46284,TW03782,46284,
46709,TW03797,46709,
46984,TW03802,46984,
C130-53,TW03810,DEC8D,
DEC8D,TW03810,DEC8D,
C16-55,TW03812,C16-55,
C186-61,TW03815,DEC10H,
DEC10H,TW03815,DEC10H,
C192-65,TW03817,C192-65,
LB-072,TW05801,1185/3,
869/3,TW05802,869/3,
LB-073,TW05802,869/3,
910/1,TW05803,910/1,
LB-074,TW05803,910/1,
918/3,TW05804,918/3,
LB-075,TW05804,918/3,
1117/3,TW05805,1117/3,
LB-076,TW05805,1117/3,
856/2,TW05806,856/2,
LB-077,TW05806,856/2,
985/2,TW05807,985/2,
LB-078,TW05807,985/2,
985/3,TW05808,985/3,
LB-079,TW05808,985/3,
1150/1,TW05809,1150/1,
LB-080,TW05809,1150/1,
1153/1,TW05810,1153/1,
LB-081,TW05810,1153/1,
866/3,TW05811,866/3,
LB-082,TW05811,866/3,
868/1,TW05812,868/1,
LB-083,TW05812,868/1,
869/2,TW05813,869/2,
LB-084,TW05813,869/2,
909/1,TW05814,909/1,
LB-085,TW05814,909/1,
971/2,TW05815,971/2,
LB-086,TW05815,971/2,
927/1,TW05816,927/1,
LB-087,TW05816,927/1,
931/1,TW05817,931/1,
LB-088,TW05817,931/1,
119/1,TW05818,119/1,
LB-089,TW05818,119/1,
1120/1,TW05819,1120/1,
LB-090,TW05819,1120/1,
ED-43,TW05982,ED-43,
HK58,TW05982,ED-43,
ED-53,TW05983,ED-53,
HK59,TW05983,ED-53,
ED-68,TW05984,ED-68,
HK60,TW05984,ED-68,
HK61,TW05985,"VUB-EH 60",
"VUB-EH 60",TW05985,"VUB-EH 60",
LB-031,TW05987,LB-031,
395-2,TW05992,395-2,MLST-3
MN01,TW05992,395-2,
776,TW06008,776,
916,TW06009,916,
927,TW06010,927,
TR172,TW00046,DEC8A,
1628,TW06289,1628,
7068,TW06289,1628,
1659,TW06290,1659,
7069,TW06290,1659,
7075,TW06296,RD8,
RD8,TW06296,RD8,
3007-85,TW06315,3007-85,MLST-2
3926-10,TW06323,3926-10,
3926-2,TW06324,3926-2,
3926-3,TW06325,3926-3,
3926-4,TW06326,3926-4,
3926-5,TW06327,3926-5,
3926-6,TW06328,3926-6,
3926-7,TW06329,3926-7,
3926-8,TW06330,3926-8,
3926-9,TW06331,3926-9,
3945-2,TW06332,3945-2,
3971-2,TW06333,3971-2,
3971-3,TW06334,3971-3,
3971-8,TW06335,3971-8,
3971-9,TW06336,3971-9,
3996-3,TW06337,3996-3,
3997-3,TW06338,3997-3,
7025,TW06407,RW2030,
RW2030,TW06407,RW2030,
7026,TW06408,RW1302,
RW2311,TW06408,RW1302,
7027,TW06409,RW1302,
RW1302,TW06409,RW1302,
666/89,TW06410,666/89,
7028,TW06410,666/89,
557/89,TW06411,557/89,
7029,TW06411,557/89,
7030,TW06412,RW2017,
RW2017,TW06412,RW2017,
7031,TW06413,RW1303,
RW1303,TW06413,RW1303,
7032,TW06414,RW2266,
RW2266,TW06414,RW2266,
7033,TW06415,RW2173,
RW2173,TW06415,RW2173,
7035,TW06417,RW2121,
RW2121,TW06417,RW2121,
210/89,TW06538,210/89,
493/89,TW06555,493/89,MLST-1
DEC3F,TW06555,493/89,
514/91,TW06558,514/91,
5412/89,TW06560,5412/89,
25741,TW06725,25741,
26330,TW06726,26330,
TR252,TW06807,TR252,
LT119-19,TW07044,LT119-19,"bundlin study"
LT119-46,TW07073,LT119-46,"bundlin study"
LT119-80,TW07099,LT119-80,"bundlin study"
LTO26-12,TW07143,LTO26-12,
LTO26-14,TW07145,LTO26-14,
LTO26-16,TW07147,LTO26-16,
LTO26-17,TW07148,LTO26-17,
LTO26-19,TW07150,LTO26-19,
LTO26-20,TW07152,LTO26-20,
LTO26-22,TW07154,LTO26-22,
LTO26-23,TW07155,LTO26-23,
LTO26-29,TW07158,LTO26-29,
LTO26-30,TW07160,LTO26-30,
LTO26-32,TW07162,LTO26-32,
LTO26-33,TW07163,LTO26-33,
LTO26-34,TW07164,LTO26-34,
LTO26-37,TW07167,LTO26-37,
LTO26-38,TW07168,LTO26-38,
LTO26-39,TW07169,LTO26-39,
LTO26-40,TW07171,LTO26-40,
LTO26-57,TW07173,LTO26-57,
LTO26-58,TW07174,LTO26-58,
LTO26-59,TW07175,LTO26-59,
LTO26-60,TW07177,LTO26-60,
LTO26-61,TW07178,LTO26-61,
LTO26-62,TW07179,LTO26-62,
LTO26-63,TW07180,LTO26-63,
LTO26-64,TW07181,LTO26-64,
LTO26-67,TW07183,LTO26-67,
LTO26-76,TW07185,LTO26-76,
LTO26-77,TW07186,LTO26-77,
J10,TW07406,J10,
J11,TW07407,J11,
J12,TW07408,J12,
J14,TW07409,J14,
J15,TW07410,J15,
J16,TW07411,J16,
J18,TW07413,J18,
J2,TW07414,J2,
J3,TW07415,J3,
J4,TW07416,J4,
J5,TW07417,J5,
J6,TW07418,J6,
J7,TW07419,J7,
J8,TW07420,J8,
J9,TW07421,J9,
2144,TW07464,2144,
2142,TW07471,2142,
2200,TW07472,2200,
2162,TW07473,2162,
2141,TW07474,2141,
2206,TW07475,2206,
2228,TW07476,2228,
881284,TW07478,881284,
911456,TW07479,911456,
750324,TW07482,750324,
750408,TW07483,750408,
750421,TW07484,750421,
760386,TW07486,760386,
890652,TW07488,890652,
MA9,TW07492,MA9,
MA11,TW07493,MA11,
MA36,TW07494,MA36,
CV261,TW07495,CV261,
CV267,TW07496,CV267,
98-1551A,TW07497,98-1551A,
98-1551B,TW07498,98-1551B,
412/55,TW07502,412/55,MLST-2
3164-97,TW07507,3164-97,
1541,TW07520,1541,
2433,TW07521,2433,
87-16,TW07526,87-16,
85-07,TW07528,85-07,
J1,TW07587,OK-1,MLST-1
OK-1,TW07587,OK-1,
1:72,TW07588,1:72,
1:85,TW07589,1:85,
1:289,TW07590,1:289,
1:361,TW07591,1:361,
1:402,TW07592,1:402,
5:325,TW07593,5:325,
5:447,TW07594,5:447,
6:30,TW07695,6:30,
STEC-10,TW00964,75-83,
STEC-2,TW07702,9:100,
6:36,TW07696,6:36,
6:38,TW07697,6:38,MLST-3
6:65,TW07698,6:65,
7:16,TW07699,7:16,
7:85,TW07700,7:85,
8:113,TW07701,8:113,
9:100,TW07702,9:100,
9:110,TW07703,9:110,
9:252,TW07704,9:252,
10:253,TW07705,10:253,
10:301,TW07706,10:301,
153/1,TW07727,153/1,
155/2,TW07728,155/2,
165/1,TW07729,165/1,
166/2,TW07730,166/2,
154/1,TW07731,154/1,
133/2,TW07732,133/2,
224/5,TW07733,224/5,
141/1,TW07736,141/1,
76/2,TW07737,76/2,
225/6,TW07738,225/6,
134/3,TW07739,134/3,
74/2,TW07740,74/2,
82/1,TW07741,82/1,
81/1,TW07742,81/1,
140/2,TW07743,140/2,
217/5,TW07744,217/5,
131/3,TW07746,131/3,
145/3,TW07747,145/3,
196/4,TW07748,196/4,
209/2,TW07749,209/2,
79/1,TW07754,79/1,
117/5,TW07755,117/5,
120/3,TW07756,120/3,
131/2,TW07757,131/2,
137/4,TW07758,137/4,
187/4,TW07759,187/4,
703/88,TW07766,703/88,
425/88,TW07769,425/88,
658/91,TW07775,658/91,
1042/90,TW07776,1042/90,
99-006-1112,TW07782,99-006-1112,
MR-2.1,TW07783,MR-2.1,
MR-2.2,TW07784,MR-2.2,
ACH0397,TW07788,ACH0397,
2812,TW07790,2812,
O159/97(2),TW07792,O159/97(2),
LP-135/97(1),TW07793,LP-135/97(1),
TR-70/96,TW07794,TR-70/96,
Arg-154/97(3),TW07795,Arg-154/97(3),
LP80/97(1),TW07796,LP80/97(1),
O150/97(3),TW07797,O150/97(3),
CRS-236/97(1),TW07798,CRS-236/97(1),
Micr-109/96,TW07799,Micr-109/96,
ER-8/97,TW07800,ER-8/97,
PE-2/98(1),TW07801,PE-2/98(1),
ME-24/96,TW07802,ME-24/96,
TR-92/96,TW07803,TR-92/96,
ME-82/96,TW07804,ME-82/96,
INE-24/97(1),TW07805,INE-24/97(1),
PE-20/88(1),TW07806,PE-20/88(1),
ME-1753,TW07807,ME-1753,
ME-167/98,TW07808,ME-167/98,
LP-66/97(1),TW07809,LP-66/97(1),
95-3208,TW07813,95-3208,
97-3250,TW07814,97-3250,MLST-3
JP20,TW07856,O31,
O31,TW07856,O31,
2324,TW07857,2324,
250/89,TW07858,250/89,
303/89,TW07859,303/89,
314-S,TW07860,314-S,
352-S,TW07861,352-S,
413/89-1,TW07862,413/89-1,MLST-3
537/89,TW07863,537/89,
72/90-56,TW07864,72/90-56,
IHIT0304,TW07865,IHIT0304,
IHIT0554,TW07866,IHIT0554,
IHIT0578,TW07867,IHIT0578,
IHIT0608,TW07868,IHIT0608,
IHIT1190,TW07869,IHIT1190,
IHIT1703,TW07870,IHIT1703,
IHIT1968,TW07871,IHIT1968,
IHIT2087,TW07872,IHIT2087,
IHIT2115,TW07873,IHIT2115,
IHIT2169,TW07874,IHIT2169,
IHIT2430,TW07875,IHIT2430,
IHIT3000,TW07876,IHIT3000,
RW1372,TW07877,RW1372,
RW1374,TW07878,RW1374,
RW1911,TW07879,RW1911,
107-226,TW07881,107-226,
109-494,TW07882,109-494,
168-586,TW07883,168-586,
87-5680,TW01450,87-5680,
87-5680-I3,TW01450,87-5680,
TB226-A,TW06890,TB226,
EDL932,TW02299,EDL-932,
STEC-14,TW07591,1:361,
STEC-16,TW06315,3007-85,
E2348/69,TW06375,E2348/69,MLST-1
E2348-69,TW06375,E2348/69,
E851/71,TW01237,E851/71,"MLST-2 bundlin study"
2430-78,TW00051,2430-78,"bundlin study"
2430/78,TW00051,2430-78,
97-3256,TW07815,3256-97,
3256-97,TW07815,3256-97,
Taunton69,TW06375,E2348/69,
E3406,TW00860,3406-85,
921-BY,TW04892,921,MLST-1
572-56,TW00588,DEC1a,"MLST-1 bundlin study"
EDL933,TW02302,EDL-933,
"EDL 933",TW02302,EDL-933,
87-01,TW00084,87-01,
87-18,TW00086,87-18,
85-01,TW00087,85-01,
85-08,TW00088,85-08,
86-06,TW00089,86-06,
86-13,TW00090,86-13,
86-18,TW00091,86-18,
87-05,TW00092,87-05,
87-17,TW00094,87-17,
85-03,TW00095,85-03,
86-01,TW00096,86-01,
86-02,TW00097,86-02,
86-15,TW00098,86-15,
86-29,TW00099,86-29,
87-16,TW00100,87-16,
86-05,TW00101,86-05,
86-03,TW00102,86-03,
86-04,TW00103,86-04,
86-10,TW00104,86-10,
86-20,TW00111,86-20,
86-09,TW00112,86-09,
84-01,TW00113,84-01,
85-06,TW00114,85-06,
86-25,TW00115,86-25,
DEC2a,TW00460,DEC2a,
DEC1a,TW00588,DEC1a,
DEC11a,TW00664,DEC11a,
3143-85B,TW00972,3143-85B,
8153B-86,TW00973,8153B-86,
3377-85,TW00974,3377-85,
DEC12f,TW01120,DEC12f,
DEC12a,TW01277,DEC12a,
B2464,TW01380,B2464,
B2464,TW01384,B2464,
D276,TW01385,D276,
B2619,TW01388,B2619,
B1696,TW01389,B1696,
D664,TW01390,D664,
D360,TW01394,D360,
B2464,TW02293,B2464,
B821,TW02296,B821,
EPEC-199,TW02298,EPEC-199,
B1189-1,TW02314,B1189-1,
D360,TW02324,D360,
921,TW04892,921,
83/136,TW04969,83/136,
F41,TW05729,F41,
RW1302,TW06408,RW1302,
TB226,TW06890,TB226,
124-55,TW00034,124-55,
3001-87,TW01782,3001-87,
3007-87,TW01787,3007-87,
3239-87,TW01797,3239-87,
3391-87,TW01813,3391-87,
O-111,TW02497,O-111,
48822,TW03476,48822,
47031,TW03610,47031,
47179,TW03612,47179,
47705,TW03657,47705,
VP01,TW04577,VP01,
VP02,TW04578,VP02,
VP06,TW04582,VP06,
VP07,TW04583,VP07,
VP08,TW04584,VP08,
VP11,TW04587,VP11,
VP12,TW04588,VP12,
VP13,TW04589,VP13,
JP-1,TW07901,JP-1,
JP-2,TW07902,JP-2,
JP-3,TW07903,JP-3,
JP-4,TW07904,JP-4,
JP-5,TW07905,JP-5,
JP-6,TW07906,JP-6,
JP-7,TW07907,JP-7,
JP-8,TW07908,JP-8,
JP-9,TW07909,JP-9,
JP-10,TW07910,JP-10,
JP-11,TW07911,JP-11,
JP-12,TW07912,JP-12,
JP-14,TW07914,JP-14,
JP-15,TW07915,JP-15,
JP-16,TW07916,JP-16,
JP-17,TW07917,JP-17,
JP-18,TW07918,JP-18,
JP-19,TW07919,JP-19,
806-50,TW00081,806-50,"bundlin study"
C1184-64,TW00919,C1184-64,"bundlin study"
C1549-67,TW00921,C1549-67,"bundlin study"
C191-85,TW00925,C191-85,
C194-85,TW00926,C194-85,
C344-62,TW00932,C344-62,
C404-84,TW00936,C404-84,
C490-59,TW00942,C490-59,"bundlin study"
C516-56,TW00944,C516-56,"bundlin study"
C518-56,TW00945,C518-56,"bundlin study"
C566-64,TW00946,C566-64,"bundlin study"
C633-59,TW00949,C633-59,"bundlin study"
C695-60,TW00951,C695-60,"bundlin study"
C804-64,TW00956,C804-64,"bundlin study"
C342-62,TW01266,C342-62,"bundlin study"
C403-63,TW01267,C403-63,"bundlin study"
C48-53,TW01268,C48-53,"bundlin study"
C49-58,TW01269,C49-58,"bundlin study"
C712-65,TW01270,C712-65,"bundlin study"
C765-82,TW01271,C765-82,
C927-81,TW01273,C927-81,"bundlin study"
C966-64,TW01275,C966-64,"bundlin study"
833-60,TW03188,833-60,"bundlin study"
D53,TW04548,D53,
165/87,TW05594,165/87,"bundlin study"
1755/85,TW05595,1755/85,"bundlin study"
1921/85,TW05596,1921/85,"bundlin study"
212/87,TW05597,212/87,"bundlin study"
365/87,TW05603,365/87,"bundlin study"
557/89,TW08163,557/89,
1852-59,TW00039,1852-59,
2956-53,TW00059,2956-53,
614-54,TW00078,614-54,
6234-60,TW00080,6234-60,
3444-87,TW00145,3444-87,
3446-87,TW00146,3446-87,
3447-87,TW00147,3447-87,
3448-87,TW00148,3448-87,
3449-87,TW00149,3449-87,
3450-87,TW00150,3450-87,
1461-61,TW00172,1461-61,
2050-61,TW00176,2050-61,
2272-56,TW00178,2272-56,
2709-65,TW00183,2709-65,
4874-54,TW00196,4874-54,
3794-64,TW00317,3794-64,
4007-64,TW00321,4007-64,
1925-62,TW00451,1925-62,
2635-54,TW00561,2635-54,
3701-54,TW00568,3701-54,
517-57,TW00580,517-57,
A33a,TW00705,A33a,
A49a,TW00706,A49a,
D55,TW04549,D55,
3030A-86,TW00186,DEC8B,
CIP107187,TW00588,DEC1a,
CIP107188,TW00460,DEC2a,"MLST-1 bundlin study"
CIP107189,TW00850,DEC3A,
CIP107190,TW01286,DEC4A,
CIP107191,TW00947,DEC5D,
CIP107192,TW00073,DEC6A,
CIP107193,TW00601,DEC7A,
CIP107194,TW00186,DEC8B,
CIP107195,TW01206,DEC9A,
CIP107196,TW02294,H30,
CIP107197,TW00664,DEC11a,
CIP107198,TW01277,DEC12a,
CIP107199,TW00676,DEC13A,
CIP107200,TW03996,DEC14A,
CIP107201,TW00074,DEC15A,
93-111,TW04863,93-111,
HSP19/4,TW08259,HSP19/4,"bundlin study"
MA551/1,TW08260,MA551/1,"bundlin study"
RN191/1,TW08261,RN191/1,"bundlin study"
RN410/1,TW08262,RN410/1,"bundlin study"
K12,TW08017,K-12,"genome strain"
ATCC47076,TW08017,K-12,"genome strain"
MG1655,TW08017,K-12,MLST
Sakai,TW08264,Sakai,"MLST O157"
A49x1,TW00707,A49x1,
B33a,TW00708,B33a,
B6b,TW00709,B6b,
B81x1,TW00710,B81x1,
B82b,TW00711,B82b,
C13a,TW00712,C13a,
C23a,TW00713,C23a,
C44a,TW00714,C44a,
C8a,TW00715,C8a,
C9a,TW00716,C9a,
D2a,TW00717,D2a,
D76a,TW00718,D76a,
E72a,TW00719,E72a,
E9x1,TW00720,E9x1,
F10a,TW00721,F10a,
F16a,TW00722,F16a,
F43a,TW00723,F43a,
F43c,TW00724,F43c,
F57a,TW00725,F57a,
G88b,TW00726,G88b,
H15a,TW00727,H15a,
H25a,TW00728,H25a,
H67e,TW00729,H67e,
H69a,TW00730,H69a,
I50a,TW00731,I50a,
I57,TW00732,I57,
I5a,TW00733,I5a,
I8d,TW00734,I8d,
J106a,TW00735,J106a,
"J22,1",TW00736,"J22,1",
J22b,TW00737,J22b,
J39a,TW00738,J39a,
J72b,TW00739,J72b,
J92a,TW00740,J92a,
K35a,TW00741,K35a,
K4a,TW00742,K4a,
K5x1,TW00743,K5x1,
L35a,TW00744,L35a,
C189-53,TW00924,C189-53,
C231-59,TW00927,C231-59,
C27-59,TW00928,C27-59,
C298-64,TW00929,C298-64,
C305-58,TW00930,C305-58,
C338-53,TW00931,C338-53,
C36-59,TW00933,C36-59,
C45-66,TW00940,C45-66,
C471-54,TW00941,C471-54,
C61-67,TW00948,C61-67,
C735-65,TW00954,C735-65,
131/72,TW01224,131/72,
1396/69,TW01225,1396/69,
32/73,TW01228,32/73,
380/69,TW01229,380/69,
430/73,TW01230,430/73,
4874/76,TW01231,4874/76,
5419/76,TW01232,5419/76,
576/76,TW01233,576/76,
AC-11982,TW01242,AC-11982,
C295-53,TW01265,C295-53,
A9964,TW01379,A9964,
1223-65,TW01931,1223-65,
3298-59,TW01940,3298-59,
5485-59,TW01961,5485-59,
5543-64,TW01962,5543-64,
5642-62,TW01965,5642-62,
5643-62,TW01966,5643-62,
5644-62,TW01967,5644-62,
5687-66,TW01968,5687-66,
6025-58,TW01970,6025-58,
6035-58,TW01971,6035-58,
6572-60,TW01973,6572-60,
7010-61,TW01974,7010-61,
1937-76,TW02696,1937-76,
5785-72,TW02718,5785-72,
1828-79,TW02818,1828-79,
1849-1-79,TW02819,1849-1-79,
2758-80,TW03132,2758-80,
C192-53,TW03153,C192-53,
D23,TW04542,D23,
D24,TW04543,D24,
D96,TW04551,D96,
VP36,TW05076,VP36,
4484/86,TW05606,4484/86,
9084-83,TW00201,9084-83,MLST-2
3030A-86,TW00970,DEC8b,MLST-1
202-72,TW01096,202-72,MLST-4
3408-67,TW01151,3408-67,MLST-4
3615-53,TW01155,3615-53,MLST-4
ECOR-35,TW02054,ECOR-35,
ECOR-36,TW02055,ECOR-36,
ECOR-38,TW02056,ECOR-38,
ECOR-41,TW02057,ECOR-41,
ECOR-42,TW02058,ECOR-42,
ECOR-43,TW02059,ECOR-43,
ECOR-45,TW02060,ECOR-45,
ECOR-48,TW02061,ECOR-48,
ECOR-51,TW02062,ECOR-51,
ECOR-58,TW02063,ECOR-58,
ECOR-59,TW02064,ECOR-59,
ECOR-65,TW02065,ECOR-65,
ECOR-67,TW02066,ECOR-67,
ECOR-68,TW02067,ECOR-68,
ECOR-70,TW02068,ECOR-70,
ECOR-71,TW02069,ECOR-71,
ECOR-72,TW02070,ECOR-72,
CAB-1,TW02268,RS218,MLST-5
H30,TW02291,H30,
1181-83,TW03118,1181-83,"MLST-3 bundlin study"
ECOR-01,TW03268,ECOR-01,
ECOR-02,TW03269,ECOR-02,
ECOR-03,TW03270,ECOR-03,
ECOR-04,TW03271,ECOR-04,
ECOR-05,TW03272,ECOR-05,
ECOR-06,TW03273,ECOR-06,
ECOR-08,TW03274,ECOR-08,
ECOR-09,TW03275,ECOR-09,
ECOR-10,TW03276,ECOR-10,
ECOR-11,TW03277,ECOR-11,
ECOR-13,TW03278,ECOR-13,
ECOR-15,TW03279,ECOR-15,
ECOR-16,TW03280,ECOR-16,
ECOR-17,TW03281,ECOR-17,
ECOR-18,TW03282,ECOR-18,
ECOR-20,TW03283,ECOR-20,
ECOR-21,TW03284,ECOR-21,
ECOR-22,TW03285,ECOR-22,
ECOR-23,TW03286,ECOR-23,
ECOR-27,TW03287,ECOR-27,
ECOR-28,TW03288,ECOR-28,
ECOR-29,TW03289,ECOR-29,
ECOR-31,TW03290,ECOR-31,
ECOR-34,TW03292,ECOR-34,
ECOR-37,TW03293,ECOR-37,
ECOR-39,TW03294,ECOR-39,
ECOR-40,TW03295,ECOR-40,
ECOR-44,TW03296,ECOR-44,
ECOR-46,TW03297,ECOR-46,
ECOR-47,TW03298,ECOR-47,
ECOR-49,TW03299,ECOR-49,
ECOR-50,TW03300,ECOR-50,
ECOR-52,TW03306,ECOR-52,
ECOR-53,TW03307,ECOR-53,
ECOR-54,TW03308,ECOR-54,
ECOR-55,TW03309,ECOR-55,
ECOR-56,TW03310,ECOR-56,
ECOR-57,TW03311,ECOR-57,
ECOR-60,TW03312,ECOR-60,
ECOR-61,TW03313,ECOR-61,
ECOR-62,TW03314,ECOR-62,
ECOR-63,TW03315,ECOR-63,
ECOR-66,TW03316,ECOR-66,
ECOR-69,TW03317,ECOR-69,
TB227C,TW04174,TB227C,"MLST-3 bundlin study"
N49,TW04393,042,MLST
LT-82,TW06177,LT-82,MLST-4
LT94,TW06189,LT94,MLST-4
LT-99,TW06192,LT-99,MLST-4
ECOR-07,TW02045,ECOR-07,
ECOR-12,TW02046,ECOR-12,
ECOR-14,TW02047,ECOR-14,
ECOR-19,TW02048,ECOR-19,
ECOR-24,TW02049,ECOR-24,
ECOR-25,TW02050,ECOR-25,
ECOR-26,TW02051,ECOR-26,
ECOR-30,TW02052,ECOR-30,
ECOR-33,TW02053,ECOR-33,
E851/71,TW07884,E851/71,"MLST bundlin study"
009-271082,TW07885,009-271082,"bundlin study"
2309-77,TW07886,2309-77,"bundlin study"
E990,TW07887,E990,"bundlin study"
10,TW07889,10,"bundlin study"
"Stoke W",TW07893,"Stoke W","bundlin study"
Beta,TW07895,Beta,"bundlin study"
E56/54,TW07896,E56/54,"bundlin study"
C771,TW07897,C771,"bundlin study"
277-84,TW03173,277-84,"MLST-3 bundlin study"
23/67,TW01226,23/67,
C12-52,TW07615,C12-52,
C142-54,TW07617,C142-54,
C240-52,TW07622,C240-52,
F563-55,TW07653,F563-55,
F436-51,TW07654,F436-51,
45,TW07655,45,
ECOR-64,TW07656,ECOR-64,
C70,TW07656,ECOR-64,
042,TW04393,042,
SF301,TW99997,SF301,NULL
OCT18,TW99998,OCT18,NULL
LT-2,TW99999,LT-2,NULL
LT2,TW99999,LT-2,NULL
LA-29,TW09237,LA-29,NULL
LA-24,TW09232,LA-24,NULL
LA-6,TW09214,LA-6,NULL
LA-3,TW09211,LA-3,NULL
03EN599,TW09207,03EN599,NULL
03EN633,TW09208,03EN633,NULL
03EN598,TW09206,03EN598,NULL
03EN583,TW09204,03EN583,NULL
03EN596,TW09205,03EN596,NULL
03ST1496,TW09201,03ST1496,NULL
03EN167,TW09203,03EN167,NULL
03ST1486,TW09200,03ST1486,NULL
03ST1348,TW09198,03ST1348,NULL
03ST1327,TW09196,03ST1327,NULL
03ST1340,TW09197,03ST1340,NULL
03ST1318,TW09195,03ST1318,NULL
03ST1301,TW09194,03ST1301,NULL
03ST1255,TW09193,03ST1255,NULL
03ST1239,TW09191,03ST1239,NULL
03ST1244,TW09192,03ST1244,NULL
03ST1238,TW09190,03ST1238,NULL
03ST1237,TW09189,03ST1237,NULL
03ST1228,TW09188,03ST1228,NULL
03ST1227,TW09187,03ST1227,NULL
03ST1225,TW09186,03ST1225,NULL
03ST1178,TW09185,03ST1178,NULL
03ST296,TW09184,03ST296,NULL
03EN704,TW09182,03EN704,NULL
03EN705,TW09183,M103-19,NULL
03EN656,TW09181,03EN656,NULL
03EN624,TW09180,03EN624,NULL
03EN584,TW09179,03EN584,NULL
03EN581,TW09178,MI03-9,NULL
03EN164,TW09177,03EN164,NULL
"IH 56909",TW09162,"IH 56909",NULL
"IH 56776",TW09161,"IH 56776",NULL
"IH 21",TW09158,"IH 21",NULL
"IH 20",TW09157,"IH 20",NULL
"IH 19",TW09156,"IH 19",NULL
"IH 16",TW09153,"IH 16",NULL
"IH 18",TW09155,"IH 18",NULL
"IH 15",TW09152,"IH 15",NULL
"IH 14",TW09151,"IH 14",NULL
"IH 12",TW09149,"IH 12",NULL
"IH 13",TW09150,"IH 13",NULL
"IH 11",TW09148,"IH 11",NULL
"IH 9",TW09146,"IH 9",NULL
"IH 10",TW09147,"IH 10",NULL
"IH 8",TW09145,"IH 8",NULL
"IH 7",TW09144,"IH 7",NULL
"IH 6",TW09143,"IH 6",NULL
"IH 5",TW09142,"IH 5",NULL
"IH 4",TW09141,"IH 4",NULL
"IH 3",TW09140,"IH 3",NULL
"IH 2",TW09139,"IH 2",NULL
"IH 1",TW09138,"IH 1",NULL
H2687,TW09136,H2687,NULL
"H 2687",TW09136,H2687,NULL
H1410,TW09135,H1410,NULL
"H 1410",TW09135,H1410,NULL
H1085/3a,TW09133,"H1085 3a",NULL
H1085C,TW09134,H1085C,NULL
H1085-C,TW09134,H1085C,NULL
"H 1085C",TW09134,H1085C,NULL
H1085,TW09131,H1085,NULL
"H 1085",TW09131,H1085,NULL
"H1085 1a/1",TW09132,"H1085 1a/1",NULL
H1085/1a-1,TW09132,"H1085 1a/1",NULL
"TUV 86-2 fliC",TW09130,"TUV 86-2 fliC",NULL
TUV86-2fliC,TW09130,"TUV 86-2 fliC",NULL
"TUV 86-2",TW09129,"TUV 86-2",NULL
TUV86-2,TW09129,"TUV 86-2",NULL
ST-1178,TW09127,ST-1178,NULL
"ST-570 (large)",TW09128,"ST-570 (large)",NULL
ST-1168,TW09126,ST-1168,NULL
ST-1167,TW09125,ST-1167,NULL
ST-1159,TW09124,ST-1159,NULL
ST-1096,TW09123,ST-1096,NULL
ST-1089,TW09122,ST-1089,NULL
ST-1028,TW09121,ST-1028,NULL
ST-1027,TW09120,ST-1027,NULL
ST-1023,TW09119,ST-1023,NULL
ST-1017,TW09118,ST-1017,NULL
ST-961,TW09117,ST-961,NULL
ST-921,TW09115,ST-921,NULL
ST-929,TW09116,ST-929,NULL
ST-884,TW09113,ST-884,NULL
ST-885,TW09114,ST-885,NULL
ST-861,TW09111,ST-861,NULL
ST-870,TW09112,ST-870,NULL
ST-758,TW09110,ST-758,NULL
ST-757,TW09109,MI03-48,NULL
ST-746,TW09108,ST-746,NULL
ST-709,TW09107,ST-709,NULL
ST-682,TW09106,ST-682,NULL
ST-664,TW09105,ST-664,NULL
ST-655,TW09104,ST-655,NULL
ST-650,TW09103,ST-650,NULL
ST-597,TW09102,ST-597,NULL
ST-530,TW09099,ST-530,NULL
ST-564,TW09100,ST-564,NULL
ST-429,TW09098,MI03-35,NULL
ST-375,TW09097,ST-375,NULL
ST-315,TW09095,ST-315,NULL
ST-348,TW09096,ST-348,NULL
ST-282,TW09093,ST-282,NULL
ST-297,TW09094,ST-297,NULL
ST-275,TW09092,ST-275,NULL
ST-267,TW09091,ST-267,NULL
ST-176,TW09089,ST-176,NULL
ST-251,TW09090,ST-251,NULL
ST-171,TW09087,ST-171,NULL
ST-175,TW09088,ST-175,NULL
ST-81,TW09086,ST-81,NULL
ST-39,TW09085,ST-39,NULL
ST-29,TW09084,ST-29,NULL
EN-439,TW09083,EN-439,NULL
EN-438,TW09082,EN-438,NULL
0108,TW09081,0108(2),NULL
0108(2),TW09081,0108(2),NULL
ATCC#35352,TW09077,"ECOR 33",NULL
"ECOR 33",TW09077,"ECOR 33",NULL
0108,TW09080,0108(1),NULL
0108(1),TW09080,0108(1),NULL
ATCC#35349,TW09076,"ECOR 30",NULL
"ECOR 30",TW09076,"ECOR 30",NULL
1484,TW09074,RI-1484,NULL
RI-1484,TW09074,RI-1484,NULL
ATCC#98222,TW09075,364,NULL
364,TW09075,364,NULL
#18,TW09073,RI-#18,NULL
RI-#18,TW09073,RI-#18,NULL
#17,TW09072,RI-#17,NULL
RI-#17,TW09072,RI-#17,NULL
1413,TW09070,RI-1413,NULL
RI-1413,TW09070,RI-1413,NULL
RI-987,TW09070,Ri-987,NULL
987,TW09069,RI-987,NULL
RI-987,TW09069,RI-987,NULL
252,TW09067,RI-252,NULL
RI-252,TW09067,RI-252,NULL
263,TW09068,RI-263,NULL
RI-263,TW09068,RI-263,NULL
124,TW09066,RI-124,NULL
RI-124,TW09066,RI-124,NULL
H-04,TW09063,H-04,NULL
123,TW09065,RI-123,NULL
RI-123,TW09065,RI-123,NULL
B648,TW09037,B648,NULL
B030,TW09043,B030,NULL
M473,TW09025,M473,NULL
M981,TW09028,M981,NULL
MISC73b,TW09024,MISC73b,NULL
R984,TW09014,R984,NULL
M646,TW09021,M646,NULL
R1017,TW09011,R1017,NULL
TA244,TW09009,TA244,NULL
TA197,TW09010,TA197,NULL
M919,TW09007,M919,NULL
TA156,TW09002,TA156,NULL
M671,TW09001,M671,NULL
TA350,TW09000,TA350,NULL
2332/00,TW08998,2332/00,NULL
G27c,TW08997,G27c,NULL
AD67b,TW08996,AD67b,NULL
AD59b,TW08994,AD59b,NULL
AD05a,TW08993,AD05a,NULL
WC955-1-1,TW08992,WC955-1-1,NULL
"Thai WC955-1-1",TW08992,"Thai WC955-1-1",NULL
H32-1,TW08991,"Peru H32-1",NULL
"Peru H32-1",TW08991,"Peru H32-1",NULL
H133,TW08989,"Peru H133",NULL
"Peru H133",TW08989,"Peru H133",NULL
H46-2,TW08990,"Peru H46-2",NULL
"Peru H46-2",TW08990,"Peru H46-2",NULL
BM369,TW08988,BM369,NULL
D172,TW08987,D172,NULL
D165,TW08986,D165,NULL
G02a,TW08984,G02a,NULL
C08,TW08983,C08,NULL
C04,TW08982,C04,NULL
EC-6804,TW08980,EC-6804,NULL
EC-5122,TW08979,EC-5122,NULL
EC-3725,TW08974,EC-3725,NULL
EC-716,TW08970,EC-716,NULL
EC-707,TW08969,EC-707,NULL
AR-21793,TW08951,AR-21793,NULL
K-319,TW08950,K-319,NULL
K-380,TW08949,K-380,NULL
K-377,TW08948,K-377,NULL
K-368,TW08947,K-368,NULL
K-631,TW08945,K-631,NULL
K-656,TW08946,K-656,NULL
K-262,TW08944,K-262,NULL
K-649,TW08943,K-649,NULL
K-634,TW08942,K-634,NULL
K-424,TW08941,K-424,NULL
K-694,TW08939,K-694,NULL
K-539,TW08940,K-539,NULL
K-478,TW08938,K-478,NULL
VA-1,TW08936,VA-1,NULL
K-551,TW08937,K-551,NULL
K-535,TW08935,K-535,NULL
K-1,TW08933,K-1,NULL
K-247,TW08934,K-247,NULL
K-4144,TW08932,K-4144,NULL
K-700,TW08931,K-700,NULL
K-394,TW08930,K-394,NULL
K-597,TW08929,K-697,NULL
K-473,TW08928,K-473,NULL
K-18,TW08926,K-18,NULL
K-137,TW08925,K-137,NULL
K-781,TW08924,K-781,NULL
K-227,TW08923,K-227,NULL
K-514,TW08922,K-514,NULL
K-1770,TW08921,K-1770,NULL
VA-6,TW08920,VA-6,NULL
K-546,TW08919,K-546,NULL
K-404,TW08918,K-404,NULL
YSH6000,TW08917,YSH6000,NULL
K-304,TW08916,K-304,NULL
K-218,TW08914,K-218,NULL
K-801,TW08915,K-801,NULL
K-671,TW08913,K-671,NULL
K-1018,TW08912,K-1018,NULL
K-718,TW08910,K-718,NULL
K-431,TW08911,K-431,NULL
K-1111,TW08909,K-1111,NULL
K-1453,TW08908,K-1453,NULL
K-1464,TW08907,K-1464,NULL
K-1505,TW08906,K-1505,NULL
"K-1639 (A4)",TW08905,"K-1639 (A4)",NULL
"28 (G)",TW08903,"28 (G)",NULL
"K-490 (A1)",TW08904,"K-490 (A1)",NULL
"VA-116 (N)",TW08902,"VA-116 (N)",NULL
"K-934 (N)",TW08901,"K-934 (N)",NULL
"49 (B1)",TW08900,"49 (B1)",NULL
"215 (A10)",TW08899,"215 (A10)",NULL
"K3050 (A9)",TW08898,"K3050 (A9)",NULL
"K-906 (A1)",TW08897,"K-906 (A1)",NULL
"pus strain",TW08896,"pus strain",NULL
1100,TW08895,1100,NULL
02-3422,TW08894,02-3422,NULL
3097-02,TW08891,3097-02,NULL
02-3751,TW08893,02-3751,NULL
3103-99,TW08890,3103-99,NULL
3053-94,TW08889,3053-94,NULL
3052-94,TW08888,3092-94,NULL
3557-77,TW08887,3557-77,NULL
2045-51,TW08885,2045-51,NULL
603-73,TW08886,603-73,NULL
616,TW08883,616,NULL
2046-51,TW08884,2046-51,NULL
5216-70,TW08882,5216-70,NULL
3556-77,TW08881,3556-77,NULL
3555-77,TW08880,3555-77,NULL
3554-77,TW08879,3554-77,NULL
3553-77,TW08878,3553-77,NULL
3552-77,TW08877,3552-77,NULL
1610-55,TW08876,1610-55,NULL
00-3308,TW08869,00-3308,NULL
01-3224,TW08872,01-3224,NULL
F6173,TW08868,F6173,NULL
SA100,TW08837,SA100,NULL
ATCC12032,TW08839,"CDC C-425",NULL
"CDC C-425",TW08839,"CDC C-425",NULL
K-720,TW08835,K-720,NULL
K-2085,TW08836,K-2085,NULL
K-820,TW08834,K-820,NULL
K-147,TW08833,K-147,NULL
K-315,TW08831,K-315,NULL
K-272,TW08832,K-272,NULL
K-66,TW08830,K-66,NULL
K-265,TW08829,K-265,NULL
K-482,TW08828,K-482,NULL
K-212,TW08827,K-212,NULL
HSC4,TW08653,3-524,NULL
EC910247,TW08653,3-524,NULL
3-524,TW08653,3-524,NULL
B99-44,TW08651,8-682,NULL
EC980682,TW08651,8-682,NULL
8-682,TW08651,8-682,NULL
LSDG98-0899P,TW08652,8-084,NULL
EC980084,TW08652,8-084,NULL
8-084,TW08652,8-084,NULL
838,TW08649,7-115,NULL
EC970115,TW08649,7-115,NULL
7-115,TW08649,7-115,NULL
3623,TW08650,7-132,NULL
EC970132,TW08650,7-132,NULL
7-132,TW08650,7-132,NULL
EK39,TW08647,EK39,NULL
EK38,TW08646,EK38,NULL
EK37,TW08645,EK37,NULL
EK36,TW08644,EK36,NULL
EK35,TW08643,EK35,NULL
EK34,TW08642,EK34,NULL
EK33,TW08641,EK33,NULL
EK32,TW08640,EK32,NULL
EK31,TW08639,EK31,NULL
EK29,TW08637,EK29,NULL
EK30,TW08638,EK30,NULL
EK28,TW08636,EK28,NULL
EK27,TW08635,EK27,NULL
EK16,TW08624,EK16,NULL
EK15,TW08623,EK15,NULL
EK9,TW08617,EK9,NULL
Ek8,TW08616,EK8,NULL
EK4,TW08612,EK4,NULL
EK5,TW08613,EK5,NULL
EK1,TW08609,EK1,NULL
EK2,TW08610,EK2,NULL
,TW08610,780249,NULL
E45035N,TW08607,E45035N,NULL
"Saari 17",TW08601,"Saari 17",NULL
CB2755,TW08586,CB2755,NULL
TU25/4,TW08585,TU25/4,NULL
CB8731,TW08581,CB8731,NULL
CB8577,TW08580,CB8577,NULL
CB8293,TW08578,CB8293,NULL
CB8185,TW08577,CB8185,NULL
CB7950,TW08576,CB7950,NULL
CB7855,TW08575,CB7855,NULL
CB2724,TW08573,CB2724,NULL
CB7033,TW08574,CB7033,NULL
CB8474,TW08571,CB8474,NULL
800404,TW08570,800404,NULL
CB8240,TW08570,CB8240,NULL
CB7776,TW08569,CB7776,NULL
CB6991,TW08566,CB6991,NULL
8091+++,TW08502,TW08502,NULL
ECOR-07,TW08565,ECOR-07,NULL
CB6555,TW08565,CB6555,NULL
8084+++,TW08444,TW08444,NULL
8063+++,TW08417,TW08417,NULL
8080+++,TW08440,TW08440,NULL
8055+++,TW08407,TW08407,NULL
8060+++,TW08414,TW08414,NULL
8044+++,TW08390,TW08390,NULL
8052+++,TW08403,TW08403,NULL
8042+++,TW08388,TW08388,NULL
8038+++,TW08385,TW08385,NULL
8040+++,TW08387,TW08387,NULL
8036+++,TW08383,TW08383,NULL
8030+++,TW08376,TW08376,NULL
8033+++,TW08379,TW08379,NULL
8027+++,TW08372,TW08372,NULL
8024+++,TW08369,TW08369,NULL
8026+++,TW08371,TW08371,NULL
8022+++,TW08366,TW08366,NULL
7948+++,TW08341,TW08341,NULL
7950+++,TW08345,TW08345,NULL
7927+++,TW08319,TW08319,NULL
7702+++,TW08307,TW08307,NULL
7705+++,TW08313,TW08313,NULL
7700+++,TW08303,TW08303,NULL
8043+++,TW08287,TW08287,NULL
7695+++,TW08296,TW08296,NULL
7594+++,TW08281,TW08281,NULL
7591+++,TW08271,TW08271,NULL
13B88,TW08263,13B88,NULL
770071,TW08018,CFT073,NULL
CFT073,TW08018,CFT073,NULL
Z188-93,TW07924,Z188-93,NULL
RN587/1,TW07923,RN587/1,NULL
SC373/2,TW07922,SC373/2,NULL
0659-79,TW07894,0659-79,NULL
012-050982,TW07892,012-050982,NULL
CA89-4221,TW07891,CA89-4221,NULL
DIF043256,TW07890,DIF043256,NULL
010-311082,TW07888,010-311082,NULL
3112/93,TW07761,3112/93,NULL
"Albert 12502",TW07626,"Albert 12502",NULL
"Albert 19982",TW07627,"Albert 19982",NULL
"Albert 10790",TW07624,"Albert 10790",NULL
"Albert 10457",TW07625,"Albert 10457",NULL
"Albert 9194",TW07623,"Albert 9194",NULL
97ST798,TW07621,MDCH-11,NULL
MDCH-11,TW07621,MDCH-11,NULL
01ST682,TW07619,MDCH-9,NULL
MDCH-9,TW07619,MDCH-9,NULL
97ST1110,TW07620,MDCH-10,NULL
MDCH-10,TW07620,MDCH-10,NULL
98ST607,TW07618,MDCH-8,NULL
MDCH-8,TW07618,MDCH-8,NULL
00ST1344,TW07616,MDCH-6,NULL
MDCH-6,TW07616,MDCH-6,NULL
01ST700,TW07613,MDCH-3,NULL
MDCH-3,TW07613,MDCH-3,NULL
00ST1906,TW07614,MDCH-4,NULL
MDCH-4,TW07614,MDCH-4,NULL
01ST592,TW07612,MDCH-2,NULL
MDCH-2,TW07612,MDCH-2,NULL
0ST1035,TW07611,MDCH-1,NULL
MDCH-1,TW07611,MDCH-1,NULL
D2303,TW07608,O179,NULL
C412-93,TW07608,O179,NULL
E43478,TW07608,O179,NULL
O179,TW07608,O179,NULL
D1535,TW07605,O176,NULL
C410-93!,TW07605,O176,NULL
E29518-83,TW07605,O176,NULL
O176,TW07605,O176,NULL
D1477,TW07604,O175,NULL
C12-55,TW07604,O175,NULL
2533-54,TW07604,O175,NULL
O175,TW07604,O175,NULL
W29104,TW07601,W29104,NULL
SFM3039,TW07600,SFM3039,NULL
SFM3579,TW07599,SFM3579,NULL
ML178190,TW07598,ML178190,NULL
"GS G5550637",TW07597,"GS G5550637",NULL
"GS G5578620",TW07596,"GS G5578620",NULL
F5863,TW07595,F5863,NULL
B6-1485-80,TW07573,B6-1485-80,NULL
B6-1043-82,TW07576,B6-1043-82,NULL
B6-3138-88,TW07572,B6-3138-88,NULL
LT119-48,TW07075,LT119-48,NULL
LT119-49,TW07076,LT119-49,NULL
LT119-41,TW07068,LT119-41,NULL
LT119-45,TW07072,LT119-45,NULL
LT119-38,TW07064,LT119-38,NULL
LT119-26,TW07051,LT119-26,NULL
LT119-13,TW07038,LT119-13,NULL
C295-53,TW06584,C295-53,NULL
C189-54,TW06578,C189-54,NULL
7078,TW06299,2457T,NULL
2457T,TW06299,2457T,NULL
7076,TW06297,C1096,NULL
C1096,TW06297,C1096,NULL
7072,TW06293,101-1,NULL
101-1,TW06293,101-1,NULL
LT-91,TW06186,LT-91,NULL
LT-62,TW06158,LT-62,NULL
LT-68,TW06162,LT-68,NULL
LT-41,TW06139,LT-41,NULL
LT-26,TW06129,LT-26,NULL
LT-15,TW06117,LT-15,NULL
LTO55-43,TW05307,LTO55-43,NULL
LTO55-62,TW05326,LTO55-62,NULL
N51,TW04440,JM221,NULL
JM221,TW04440,JM221,NULL
N47,TW04391,60A,NULL
60A,TW04391,60A,NULL
N31,TW04375,495-1,NULL
495-1,TW04375,495-1,NULL
TB269C,TW04262,TB269C,NULL
TB220B,TW04170,TB220B,NULL
PT91-2,TW03501,PT91-2,NULL
1827-79,TW03204,1827-79,NULL
1758-70,TW03203,1758-70,NULL
9083-83,TW03189,9083-83,NULL
2395-80,TW03169,2395-80,NULL
235-74,TW03168,235-74,NULL
1204-78,TW03157,1204-78,NULL
2757-80,TW03131,2757-80,NULL
2532-80,TW03125,2532-80,NULL
2483-77,TW03123,2483-77,NULL
1024-73,TW03114,1024-73,NULL
177-83,TW02765,177-83,NULL
1450-71,TW02760,1450-71,NULL
5514-56,TW02637,5514-56,NULL
3823-69,TW02630,3823-69,NULL
2747-71,TW02623,2747-71,NULL
2702-71,TW02622,2702-71,NULL
155-74,TW02615,155-74,NULL
1007-74,TW02609,1007-74,NULL
1252-59,TW01933,1252-59,NULL
4444-74,TW01510,4444-74,NULL
3470-56,TW01507,3470-56,NULL
3341-55,TW01506,3341-55,NULL
225-75,TW01503,225-75,NULL
S102-9,TW01496,S102-9,NULL
965-58,TW01175,965-58,NULL
5254-60,TW01162,5254-60,NULL
4822-66,TW01161,4822-66,NULL
3594-74,TW01154,3594-74,NULL
3233-85,TW01150,3233-85,NULL
3226-85,TW01149,3226-85,NULL
291-75,TW01146,291-75,NULL
2794-71,TW01143,2794-71,NULL
2770-51,TW01142,2770-51,NULL
1170-74,TW01130,1170-74,NULL
929-78,TW01116,929-78,NULL
5898-71,TW01110,5898-71,NULL
1885-77,TW01095,1885-77,NULL
850151,TW00359,850151,NULL
830542,TW00353,830542,NULL
820302,TW00345,820302,NULL
3353-55,TW00142,3353-55,NULL
7948+++,TW08341,TW08341,NULL
F17290,TW09169,F17290,NULL
"VTE 1456",TW09175,"VTE 1456",NULL
"GB 2180",TW09173,"GB 2180",NULL
4326/93,TW07762,4326/93,NULL
"GB 1807",TW09172,"GB 1807",NULL
"GB 1371",TW09171,"GB 1371",NULL
"VTE 1488",TW09176,"VTE 1488",NULL
1782/88,TW07767,1782/88,NULL
TR-255,TW06810,TR-255,NULL
"GB 469",TW09170,"GB 469",NULL
CB1009,TW06591,CB1009,NULL
TR-29,TW06256,TR-29,NULL
"NT 3363",TW09174,"NT 3363",NULL
"D 05491",TW09167,"D 05491",NULL
TR-5,TW06276,TR-5,NULL
5818-71,TW03223,5818-71,NULL
F06580,TW09168,F06580,NULL
1858/96,TW09353,1858/96,NULL
"ECB 02-2",TW09363,"ECB 02-2",NULL
830283,TW09331,830283,NULL
M112,TW09331,M112,NULL
C66,TW09330,C66,NULL
"E-D 365",TW09359,"E-D 365",NULL
4865/96,TW09356,4865/96,NULL
ECB-K,TW09365,ECB-K,NULL
"E-D 371",TW09360,"E-D 371",NULL
M456,TW09332,M456,NULL
H.I.8,TW09357,H.I.8,NULL
T4/97,TW09358,T4/97,NULL
"E-D 373",TW09361,"E-D 373",NULL
493bi,TW09366,493bi,NULL
"ECB 02-3",TW09364,"ECB 02-3",NULL
1639/77,TW09354,1639/77,NULL
C52,TW09329,C52,NULL
LSU-61,TW09352,LSU-61,NULL
7448/97,TW09355,7448/97,NULL
"E22 WT",TW09387,"E22 WT",NULL
"ECB 480",TW09387,"E22 WT",NULL
TWEC20010073,TW10080,TWEC20010073,NULL
TWEC20010075,TW10081,TWEC20010075,NULL
EC20020238,TW10082,EC20020238,NULL
EC920020,TW10083,EC920020,NULL
EC920044,TW10084,EC920044,NULL
EC920104,TW10085,EC920104,NULL
EC920191,TW10086,EC920191,NULL
EC920217,TW10087,EC920217,NULL
EC920268,TW10088,EC920268,NULL
EC920314,TW10089,EC920314,NULL
EC930208,TW10090,EC930208,NULL
EC930474,TW10091,EC930474,NULL
EC960128,TW10092,EC960128,NULL
EC960445,TW10093,EC960445,NULL
EC960448,TW10094,EC960448,NULL
EC960484,TW10095,EC960484,NULL
EC960493,TW10096,EC960493,NULL
EC990174,TW10097,EC990174,NULL
TWEC20010073,TW10080,TWEC20010073,NULL
TWEC20010075,TW10081,TWEC20010075,NULL
EC20020238,TW10082,EC20020238,NULL
EC920020,TW10083,EC920020,NULL
EC920044,TW10084,EC920044,NULL
EC920104,TW10085,EC920104,NULL
EC920191,TW10086,EC920191,NULL
EC920217,TW10087,EC920217,NULL
EC920268,TW10088,EC920268,NULL
EC920314,TW10089,EC920314,NULL
EC930208,TW10090,EC930208,NULL
EC930474,TW10091,EC930474,NULL
EC960128,TW10092,EC960128,NULL
EC960445,TW10093,EC960445,NULL
EC960448,TW10094,EC960448,NULL
EC960484,TW10095,EC960484,NULL
EC960493,TW10096,EC960493,NULL
EC990174,TW10097,EC990174,NULL
EC20000225,TW10225,EC20000225," "
EDL933,TW02302,EDL-933,NULL
"DEC 4a",TW01286,DEC4A,NULL
MI03-48,TW09109,MI03-48,NULL
MI03-9,TW09178,MI03-9,NULL
MI03-35,TW09098,MI03-35,NULL
"DEC 5d",TW00947,DEC5D,NULL
ECOR37,TW03293,ECOR-37,NULL
H2014,TW10022,H2014,NULL
F6854,TW10012,F6854,NULL
MLVA-47,TW10045,MLVA-47,NULL
96M1006,TW11308,96M1006,NULL
MI01-65,TW11346,MI01-65,NULL
M102-88,TW11015,M102-88,NULL
MI02-96,TW11022,MI02-96,NULL
MI02-53,TW11039,MI02-53,NULL
MI02-39,TW11052,MI02-39,NULL
MI02-74,TW10246,MI02-74,NULL
MI04-73,TW11102,MI04-73,NULL
MI02-78,TW10245,MI02-78,NULL
MI01-69,TW11137,MI01-69,NULL
MI05-56,TW11516,MI05-56,NULL
MI06-19,TW14301,MI06-19,NULL
MI02-55,TW11032,MI02-55,NULL
MI06-31,TW14313,MI06-31,NULL
MI06-63,TW14359,MI06-63,NULL
MI04-49,TW11107,MI04-49,NULL
2664/91,TW07763,2664/91,NULL
MI03-19,TW09183,M103-19,NULL
MI01-88,TW10121,MI01-88,NULL
MI05-14,TW14003,MI05-14,NULL
TB154A,TW07971,TB154A,NULL
8419,TW11239,8419,NULL
PT91-24,TW05997,PT91-24,NULL
"0201 9611",TW14960,"0201 9611",NULL
01ST001639,TW10121,MI01-88,NULL
05EN000885,TW14003,MI05-14,NULL
